🟡,Unit,SKU ID,Description,"Warehouse
(PICK)","Acc KIT
(PREP-ACC)","Battery Assy
(PREP-NP)","Battery Sub raw
(SUB-BTR)","PM
(SUB-PM)","Gen Sub
(SUB-GEN)","Compressor
(SUB-COM)",Total raw,🔋Bat,SUB-BTR Adj,Total Adj,Lead,Flag
,PDS100,PDS100 AXXX,PDS100S6E1 ESTIMATION ACCESSORY KIT,10.0,10.0,,,,,92.0,112,1,,112,0,
,PDS100,PDS100-A001,PDS100S6E1 BHW EBH TEL ACCESSORY KIT,10.0,10.0,,,,,118.0,138,1,,138,0,
,PDS100,PDS100-A002,PDS100S6E1 BC EBH ACCESSORY KIT ,10.0,10.0,,,,,65.0,85,1,,85,0,
,PDS185EZ,PDS185EZ-A001,PDS185S6EZ1 BHW EBH ACCESSORY KIT,15.0,15.0,,,,,65.0,95,1,,95,0,
,PDS185EZ,PDS185EZ-A002,PDS185S6EZ1 BHW EBH TEL ACCESSORY KIT,15.0,15.0,,,,,118.0,148,1,,148,0,
,PDS185EZ,PDS185EZ-A003,PDS185S6EZ1 BHW EBH CCV ACCESSORY KIT,20.0,20.0,,,,,155.0,195,1,,195,1,
,PDS185EZ,PDS185EZ-A004,PDS185S6EZ1 BHW EBH CCV TEL ACCESSORY KIT,20.0,20.0,,,,,208.0,248,1,,248,1,
,PDS185EZ,PDS185EZ-A005,PDS185S6EZ1 BHW CCV LRH ACCESSORY KIT,25.0,25.0,,,,,171.0,221,1,,221,1,
,PDS185EZ,PDS185EZ-A006,PDS185S6EZ1 BHW CCV LRH TEL ACCESSORY KIT,15.0,15.0,,,,,224.0,254,1,,254,1,
,PDS185EZ,PDS185EZ-A007,PDS185S6EZ1 CCV LRH ACCESSORY KIT,10.0,10.0,,,,,151.0,171,1,,171,1,
,PDS185EZ,PDS185EZ-A008,PDS185S6EZ1 EBH OES ACCESSORY KIT,15.0,15.0,,,,,90.0,120,1,,120,0,
,PDS185EZ,PDS185EZ-A009,PDS185S6EZ1 EBH OES TEL ACCESSORY KIT,20.0,20.0,,,,,143.0,183,1,,183,1,
,PDS185EZ,PDS185EZ-A010,PDS185S6EZ1 EBH OES TEL UR DECAL ACCESSORY KIT,10.0,10.0,,,,,158.0,178,1,,178,1,
,PDS185EZ,PDS185EZ-A011,PDS185S6EZ1 OES TEL ACCESSORY KIT,15.0,15.0,,,,,98.0,128,1,,128,0,
,PDS185EZ,PDS185EZ-A012,PDS185S6EZ1 OES TEL UR DECAL ACCESSORY KIT,10.0,10.0,,,,,113.0,133,1,,133,0,
,PDS185EZ,PDS185EZ-A013,PDS185S6EZ1 EBH ES DECAL ACCESSORY KIT,15.0,15.0,,,,,60.0,90,1,,90,0,
,PDS185EZ,PDS185EZ-A014,PDS185S6EZ1 EBH TEL UR DECAL ACCESSORY KIT,20.0,20.0,,,,,113.0,153,1,,153,1,
,PDS185EZ,PDS185EZ-A015,PDS185S6EZ1 AWP OES TEL UR DECAL ACCESSORY KIT,5.0,5.0,,,,,388.0,398,1,,398,1,
,PDS185EZ,PDS185EZ-A016,PDS185S6EZ1 AWP ACCESSORY KIT,20.0,20.0,,,,,275.0,315,1,,315,1,
,PDS185EZ,PDS185EZ-A017,PDS185S6EZ1 NE CWP OES TEL UR ACCESSORY KIT,15.0,15.0,,,,,463.0,493,1,,493,2,
,PDS185EZ,PDS185EZ-A018,PDS185S6EZ1 EBH TELT3 ES DECAL ACCESSORY KIT,10.0,10.0,,,,,113.0,133,1,,133,0,
,PDS185EZ,PDS185EZ-A019,PDS185S6EZ1 TELT3 ES DECAL ACCESSORY KIT,20.0,20.0,,,,,68.0,108,1,,108,0,
,PDS185EZ,PDS185EZ-A020,PDS185S6EZ1 AWP OES TEL UR FRENCH DECL ACCESSORY KIT,10.0,10.0,,,,,403.0,423,1,,423,1,
,PDS185EZ,PDS185EZ-A021,PDS185S6EZ1 CCV EBH ACCESSORY KIT,10.0,10.0,,,,,135.0,155,1,,155,1,
,PDS185EZ,PDS185EZ-A022,PDS185S6EZ1 EBH SHR ACCESSORY KIT   ,20.0,20.0,,,,,195.0,235,1,,235,1,
,PDS185EZ,PDS185EZ-A023,PDS185S6EZ1 CCV TELFS SUNSTATE DECAL ACCESSORY KIT,15.0,15.0,,,,,278.0,308,1,,308,1,
,PDS185EZ,PDS185EZ-A024,PDS185S6EZ1 BC EBH SHR ACCESSORY KIT ,10.0,10.0,,,,,215.0,235,1,,235,1,
,PDS185EZ,PDS185EZ-A025,PDS185S6EZ1 DHR EBH ACCESSORY KIT,20.0,20.0,,,,,225.0,265,1,,265,1,
,PDS185EZ,PDS185EZ-A026,PDS185S6EZ1 CCV EBH HFF OES ACCESSORY KIT,15.0,15.0,,,,,255.0,285,1,,285,1,
,PDS185EZ,PDS185EZ-A027,PDS185S6EZ1 BC EBH SHR100FT ACCESSORY KIT,10.0,10.0,,,,,215.0,235,1,,235,1,
,PDS185EZ,PDS185EZ-A028,PDS185S6EZ1 AWP TELVS ACCESSORY KIT,25.0,25.0,,,,,328.0,378,1,,378,1,
,PDS185EZ,PDS185EZ-A029,PDS18S6EZ1 BHW CCV EBH HFF RH ACCESSORY KIT,30.0,30.0,,,,,231.0,291,1,,291,1,
,PDS185EZ,PDS185EZ-A030,PDS185S6EZ1 BC BD BHW CCV EBH HFF PAS ACCESSORY KIT,10.0,10.0,,,,,270.0,290,1,,290,1,
,PDS185EZ,PDS185EZ-A031,PDS185S6EZ1 EBH HFF HR ACCESSORY KIT,5.0,5.0,,,,,120.0,130,1,,130,0,
,PDS185EZ,PDS185EZ-A032,PDS185S6EZ1 EBH HR ACCESSORY KIT,10.0,10.0,,,,,45.0,65,1,,65,0,
,PDS185LA,PDS185LA-001,PDS185L5E1 BHW EBH ACCESSORY KIT,10.0,10.0,,,,,65.0,85,1,,85,0,
,PDS185SA,PDS185SA-001,PDS185S6E1 BHW EBH ACCESSORY KIT,15.0,15.0,,,,,65.0,95,1,,95,0,
,PDS185SA,PDS185SA-002,PDS185S6E1 BHW EBH TEL ACCESSORY KIT,15.0,15.0,,,,,118.0,148,1,,148,0,
,PDS185SA,PDS185SA-003,PDS185S6E1 BHW EBH CCV ACCESSORY KIT,20.0,20.0,,,,,155.0,195,1,,195,1,
,PDS185SA,PDS185SA-004,PDS185S6E1 BHW EBH CCV TEL ACCESSORY KIT,10.0,10.0,,,,,208.0,228,1,,228,1,
,PDS185SA,PDS185SA-005,PDS185S6E1 EBH OES ACCESSORY KIT,20.0,20.0,,,,,90.0,130,1,,130,0,
,PDS185SA,PDS185SA-006,PDS185S6E1 EBH OES TEL UR DECAL ACCESSORY KIT,15.0,15.0,,,,,158.0,188,1,,188,1,
,PDS185SA,PDS185SA-007,PDS185S6E1 BC EBH SHR ACCESSORY KIT  ,5.0,5.0,,,,,215.0,225,1,,225,1,
,PDS185SA,PDS185SA-008,PDS185S6E1 EBH HR ACCESSORY KIT,10.0,10.0,,,,,45.0,65,1,,65,0,
,PDS310DP,PDS310DP-A001,PDSG310DP6E1 BHW EBH ACCESSORY KIT,15.0,15.0,,,,,65.0,95,1,,95,0,
,PDS310DP,PDS310DP-A002,PDSG310DP6E1 BHW EBH TEL ACCESSORY KIT,10.0,10.0,,,,,118.0,138,1,,138,0,
,PDS310DP,PDS310DP-A003,PDSG310DP6E1 EBH OES ACCESSORY KIT,10.0,10.0,,,,,90.0,110,1,,110,0,
,PDS310DP,PDS310DP-A004,PDSG310DP6E1 EBH TEL ACCESSORY KIT,15.0,15.0,,,,,98.0,128,1,,128,0,
,PDS310DP,PDS310DP-A005,PDSG310DP6E1 EBH OES TEL ACCESSORY KIT,10.0,10.0,,,,,143.0,163,1,,163,1,
,PDS375DP,PDS375DP-A001,PDS375DP6E1 BHW EBH ACCESSORRY KIT,15.0,15.0,,,,,65.0,95,1,,95,0,
,PDS375DP,PDS375DP-A002,PDS375DP6E1 BHW EBH OES ACCESSORRY KIT,20.0,20.0,,,,,110.0,150,1,,150,0,
,PDS375DP,PDS375DP-A003,PDS375DP6E1 BHW EBH OES TEL ACCESSORRY KIT,10.0,10.0,,,,,163.0,183,1,,183,1,
,PDS375DP,PDS375DP-A004,PDS375DP6E1 EBH OES ACCESSORRY KIT,10.0,10.0,,,,,90.0,110,1,,110,0,
,PDS375DP,PDS375DP-A005,PDS375DP6E1 EBH TEL ACCESSORRY KIT,25.0,25.0,,,,,98.0,148,1,,148,0,
,PDS375DP,PDS375DP-A006,PDS375DP6E1 BHW EBH OES TEL UR DECAL ACCESSORRY KIT,15.0,15.0,,,,,178.0,208,1,,208,1,
,PDS375DP,PDS375DP-A007,PDS375DP6E1 EBH TEL UR DECAL ACCESSORRY KIT,20.0,20.0,,,,,113.0,153,1,,153,1,
,PDS375DP,PDS375DP-A008,PDSF375DP6E1 EBH OES TEL UR DECAL ACCESSORY KIT,,,,,,,158.0,158,1,,158,1,
,PDS375DP,PDS375DP-A009,PDSF375DP6E1 YWP ACCESSORY KIT,15.0,15.0,,,,,,30,1,,30,0,
,PDS375DP,PDS375DP-A010,PDS375DP6E1 OES TEL UR DECAL ACCESSORY KIT,15.0,15.0,,,,,113.0,143,1,,143,0,
,PDS375DP,PDS375DP-A011,PDS375DP6E1 EBH TELT3 ES DECAL ACCESSORY KIT,10.0,10.0,,,,,113.0,133,1,,133,0,
,PDS375DP,PDS375DP-A012,PDS375DP6E1 EBH ES DECAL ACCESSORY KIT,35.0,35.0,,,,,60.0,130,1,,130,0,
,PDS375DP,PDS375DP-A013,PDS375DP6E1 BHW CCV EBH HFF HR OES TEL UR DECAL ACCESSORY KIT ,20.0,20.0,,,,,343.0,383,1,,383,1,
,PDS375DP,PDS375DP-A014,PDS375DP6E1 EBH OES TELT3 ES DECAL ACCESSORY KIT,25.0,25.0,,,,,158.0,208,1,,208,1,
,PDS375DP,PDS375DP-A015,PDS375DP6E1 BHW CCV EBH HFF HR TELVL ACCESORY KIT,30.0,30.0,,,,,283.0,343,1,,343,1,
,PDS375DP,PDS375DP-A016,PDS375DP6E1 BC BD BHW CCV EBH HFF PAS ACCESSORY KIT  ,10.0,10.0,,,,,270.0,290,1,,290,1,
,PDS375DP,PDS375DP-CA001,PDS375DPC6E1 BHW EBH ACCESSORRY KIT,15.0,15.0,,,,,65.0,95,1,,95,0,Verify CA prefix
,PDS375DP,PDS375DP-CA002,PDS375DPC6E1 BHW EBH OES ACCESSORRY KIT,20.0,20.0,,,,,110.0,150,1,,150,0,Verify CA prefix
,PDS375DP,PDS375DP-CA003,PDS375DPC6E1 BHW EBH OES TEL ACCESSORRY KIT,10.0,10.0,,,,,163.0,183,1,,183,1,Verify CA prefix
,PDS375DP,PDS375DP-CA004,PDS375DPC6E1 EBH OES ACCESSORRY KIT,10.0,10.0,,,,,90.0,110,1,,110,0,Verify CA prefix
,PDS375DP,PDS375DP-CA005,PDS375DPC6E1 EBH TEL ACCESSORRY KIT,10.0,10.0,,,,,98.0,118,1,,118,0,Verify CA prefix
,PDS400SA,PDS400SA-001,PDS400S6E1 BHW EBH ACCESSORY KIT,15.0,15.0,,,,,65.0,95,1,,95,0,
,PDS400SA,PDS400SA-002,PDS400S6E1 BHW EBH OES ACCESSORY KIT,20.0,20.0,,,,,110.0,150,1,,150,0,
,PDS400SA,PDS400SA-003,PDS400S6E1 BHW EBH OES TEL ACCESSORY KIT,10.0,10.0,,,,,163.0,183,1,,183,1,
,PDS400SA,PDS400SA-004,PDS400S6E1 EBH OES ACCESSORY KIT,10.0,10.0,,,,,90.0,110,1,,110,0,
,PDS400SA,PDS400SA-005,PDS400S6E1 EBH TEL ACCESSORY KIT,20.0,20.0,,,,,98.0,138,1,,138,0,
,PDS400SA,PDS400SA-006,PDS400S6E1 EBH OES TEL UR DECAL ACCESSORY KIT ,15.0,15.0,,,,,158.0,188,1,,188,1,
,PDS400SA,PDS400SA-007,PDS400S6E1 OES TEL UR DECAL ACCESSORY KIT ,25.0,25.0,,,,,113.0,163,1,,163,1,
,PDS400SC,PDS400SC-A001,PDS400SC6E1 BHW EBH TELFS SUNSTATE DECAL ACCESSORY KIT,30.0,30.0,,,,,253.0,313,1,,313,1,
,PDSF750,PDSF750-A001,PDSF750DP6E1 CCV EBH HFF HR OES TEL UR DECAL ACCESSORY KIT,45.0,45.0,,,,,323.0,413,1,,413,1,
,PDSF750,PDSF750-A002,PDSF750DP6E1 BHW CCV EBH HFF HR LRH OES TEL UR DECAL ACCESSORY KIT,15.0,15.0,,,,,404.0,434,1,,434,1,
,PDSF750,PDSF750-A003,PDSF750DP6E1 EBH OES UR DECAL ACCESSORY KIT,20.0,20.0,,,,,105.0,145,1,,145,0,
,PDSF750,PDSF750-A004,PDSF750DP6E1 BHW CCV EBH HFF ACCESSORY KIT,15.0,15.0,,,,,230.0,260,1,,260,1,
,PDSF750,PDSF750-A005,PDSF750DP6E1 EBH TELT3 ES DECAL ACCESSORY KIT,30.0,30.0,,,,,113.0,173,1,,173,1,
,PDSF750,PDSF750-A006,PDSF750DP6E1 CCV EBHI HFF HR OES TEL UR DECAL ACCESSORY KIT,20.0,20.0,,,,,323.0,363,1,,363,1,
,PDSF750,PDSF750-A007,PDSF750DP6E1 CCV TELFS SUNSTATE DECAL ACCESSORY KIT,30.0,30.0,,,,,278.0,338,1,,338,1,
,PDSF750,PDSF750-A008,PDSF750DP6E1 BHW CCV EBH HFF HR LRH ACCESSROY KIT ,5.0,5.0,,,,,291.0,301,1,,301,1,
,BOSS125-65,BOSS125-A001,EBOSS 12565 HYBRID CWP ACCESSORY PACKAGE,10.0,10.0,,,60.0,230.0,,310,1,,310,1,
,BOSS125-65,BOSS125-A002,EBOSS 12565 HYBRID CSA EH 600V ACCESSORY PACKAGE,35.0,35.0,,,60.0,60.0,,190,1,,190,1,
,BOSS125-65,BOSS125-A004,EBOSS 12565 HYBRID BHW BD CCV CSA EBH EH HFF ACCESSORY PACKAGE,15.0,15.0,,,60.0,301.0,,391,1,,391,1,
,BOSS125-65,BOSS125-A005,EBOSS 12565 HYBRID BD CSA CWP ACCESSORY PACKAGE,10.0,10.0,,,60.0,265.0,,345,1,,345,1,
,BOSS125-65,BOSS125-A007,EBOSS 12565 HYBRID CSA EH ACCESSORY PACKAGE,5.0,5.0,,,60.0,60.0,,130,1,,130,0,
,BOSS125-65,BOSS125-A008,EBOSS 12565 HYBRID CWP 240V 1P XFRM ACCESSORY PACKAGE,15.0,15.0,,,60.0,230.0,,320,1,,320,1,
,BOSS125-65,BOSS125-A009,EBOSS 12565 HYBRID CCV HFF EH ACCESSORY PACKAGE,15.0,15.0,,,60.0,210.0,,300,1,,300,1,
,BOSS125-65,BOSS125-A010,EBOSS 12565 HYBRID EH HERC DECAL ACCESSORY PACKAGE,30.0,30.0,,,60.0,60.0,,180,1,,180,1,
,BOSS125-65,BOSS125-A011,EBOSS 12565 HYBRID BHW CSA EBH EH HFF 600V TB ACCESSORY PACKAGE,5.0,5.0,,,60.0,680.0,,750,1,,750,2,
,BOSS125-65,BOSS125-A012,EBOSS 12565 HYBRID AWP ACCESSORY PACKAGE,15.0,15.0,,,60.0,275.0,,365,1,,365,1,
,BOSS125-65,BOSS125-A014,EBOSS 12565 HYBRID AWP CSA ACCESSORY PACKAGE,15.0,15.0,,,60.0,290.0,,380,1,,380,1,
,BOSS125-65,BOSS125-A013,EBOSS 12565 HYBRID AWP CSA 6V TB ACCESSORY PACKAGE,35.0,35.0,,,60.0,770.0,,900,1,,900,3,
,BOSS125-65,BOSS125-A003,EBOSS 12565 HYBRID BHW BD CCV CSA EBH EH HFF 6V ACCESSORY PACKAGE,5.0,5.0,,,60.0,301.0,,371,1,,371,1,
,BOSS220-125,BOSS220-A001,EBOSS 220125 HYBRID CWP ACCESSORY PACKAGE,5.0,5.0,,,60.0,230.0,,300,2,,300,1,
,BOSS220-125,BOSS220-A002,EBOSS 220125 HYBRID CWP 240V 1P XFRM ACCESSORY PACKAGE,30.0,30.0,,,60.0,230.0,,350,2,,350,1,
,BOSS220-125,BOSS220-A003,EBOSS 220125 HYBRID BHW CCV CSA EBH EH HFF 600V ACCESSORY PACKAGE,20.0,20.0,,,60.0,279.0,,379,2,,379,1,
,BOSS220-125,BOSS220-A004,EBOSS 220125 HYBRID SKID BC CWP DCL 1P XFRM ACCESSORY PACKAGE ,15.0,15.0,,,60.0,325.0,,415,2,,415,1,
,BOSS220-125,BOSS220-A005,EBOSS 220125 HYBRID AWP CSA 600V TB ACCESSORY PACKAGE,10.0,10.0,,,60.0,770.0,,850,2,,850,3,
,BOSS25PM,BOSS25PM AXXX,EBOSS 25 PM ESTIMATION ACCESSORY PACKAGE,5.0,5.0,10.0,320.0,60.0,,,320,1,320.0,400,1,
🟡,BOSS220PM,BOSS220HS-A001,EBOSS 220 PM SKID EH DECAL HERC ACCESSORY PACKAGE,10.0,10.0,10.0,320.0,60.0,,,570,2,640.0,730,2,
,BOSS220PM,BOSS220PM AXXX,EBOSS 220 PM ESTIMATION ACCESSORY PACKAGE,10.0,10.0,10.0,720.0,60.0,,,810,2,1440.0,1530,5,
,BOSS125-125,BOSS125-MTO,EBOSS 125 MTO ESTIMATION ACCESSORY PACKAGE,,,10.0,320.0,60.0,,,310,1,320.0,390,1,
,BOSS25-25,BOSS25-A001,EBOSS 2525 HYBRID BC CWP ACCESSORY PACKAGE,10.0,10.0,,,60.0,,,80,1,,80,0,
,BOSS25-25,BOSS25-A002,EBOSS 2525 HYBRID BD CWP ACCESSORY PACKAGE,15.0,15.0,,,60.0,,,90,1,,90,0,
,BOSS25-25,BOSS25-A003,EBOSS 25-25 HYBRID BD CSA CWP ACCESSORY PACKAGE,30.0,30.0,10.0,320.0,60.0,245.0,,615,1,320.0,695,2,
,BOSS25-25,BOSS25-A004,EBOSS 25-25 HYBRID CWP ACCESSORY PACKAGE,20.0,20.0,10.0,320.0,60.0,210.0,,560,1,320.0,640,2,✏️ User confirmed: includes VC + CWP
,BOSS25-25,BOSS25-A005,EBOSS 2525 HYBRID BD CSA CWP 600V CL ACCESSORY PACKAGE,10.0,10.0,,,60.0,,,80,1,,80,0,
,BOSS25-25,BOSS25-A006,EBOSS 2525 HYBRID EH INV VC ACCESSORY PACKAGE,,,,,60.0,,,60,1,,60,0,
,BOSS25-25,BOSS25-25 AXXX,EBOSS 25-25 ESTIMATION ACCESSORY PACKAGE,30.0,30.0,10.0,320.0,60.0,302.0,,672,1,320.0,752,3,
,BOSS25-25,BOSS25-A007,EBOSS 25-25 HYBRID SOL 160GAL EXT ACCESSORY PACKAGE,20.0,20.0,10.0,320.0,60.0,300.0,,650,1,320.0,730,2,
🟡,BOSS25-25,BOSS25-A008,EBOSS 25-25 HYBRID CWP OES TEL UR DECAL ACCESSORY PACKAGE,30.0,30.0,10.0,320.0,60.0,302.0,,672,1,320.0,752,3,✏️ User confirmed: keep labor as-is
,BOSS25-25,BOSS25-A009,EBOSS 2525 HYBRID CWP T MOBILE WRAP ACCESSORY PACKAGE,10.0,10.0,,,60.0,,,80,1,,80,0,
,BOSS25-25,BOSS25-A010,EBOSS 2525 HYBRID EBH EH T MOBILE WRAP ACCESSORY PACKAGE,,,,,60.0,,,60,1,,60,0,
,BOSS25-25,BOSS25-A011,EBOSS 2525 HYBRID T MOBILE WRAP ACCESSORY PACKAGE,,,,,60.0,,,60,1,,60,0,
,BOSS25-25,BOSS25-A012,EBOSS 25-25 HYBRID 160GAL EXT AECCSORY PACKAGE,5.0,5.0,,,60.0,,,70,1,,70,0,
🟡,BOSS25-25,BOSS25-A013,EBOSS 25-25 HYBRID CWP FOR ES ACCESSORY PACKAGE ,20.0,20.0,10.0,320.0,60.0,210.0,,560,1,320.0,640,2,"✏️ User confirmed: includes OES, VC + CWP, EBH"
,BOSS25-25,BOSS25-A014,EBOSS 2525 HYBRID OES TEL UR DECAL ACCESSORY PACKAGE,15.0,15.0,,,60.0,,,90,1,,90,0,
,BOSS25-25,BOSS25-A015,EBOSS 2525 HYBRID CWP SOL ACCESSORY PACKAGE,5.0,5.0,,,60.0,,,70,1,,70,0,
🟡,BOSS25-25,BOSS25-A016,EBOSS 25-25 HYBRID EH HERC DECAL ACCESSORY PACKAGE,10.0,10.0,10.0,320.0,60.0,60.0,,390,1,320.0,470,2,
,BOSS25-25,BOSS25-A017,EBOSS 25-25 HYBRID AWP CSA ACCESSORY PACKAGE,20.0,20.0,10.0,320.0,60.0,240.0,,590,1,320.0,670,2,
,BOSS25-25,BOSS25-A018,EBOSS 2525 HYBRID BC BD CCV CSA EBH EH HFF VC ACCESSORY PACKAGE,10.0,10.0,,,60.0,359.0,,439,1,,439,1,
,BOSS25-25,BOSS25-A019,EBOSS 2525 HYBRID CSA CWP OES TEL UR DECAL ACCESSORY PACKAGE,10.0,10.0,,,60.0,341.0,,421,1,,421,1,
,BOSS25-25,BOSS25-A020,EBOSS 2525 HYBRID BHW EBH ACCESSORY PACKAGE,40.0,40.0,,,60.0,50.0,,190,1,,190,1,
,BOSS25-25,BOSS25-A021,EBOSS 2525 HYBRID CWP TEL OES DECAL ACCESSORY PACKAGE,25.0,25.0,,,60.0,326.0,,436,1,,436,1,
,BOSS25-25,BOSS25-A022,EBOSS 2525 HYBRID AWP CLIOC CSA ACCESSORY PACKAGE,10.0,10.0,,,60.0,320.0,,400,1,,400,1,
,BOSS25-25,BOSS25-A023,EBOSS 2525 HYBRID CSA CWP ACCESSORY PACKAGE,20.0,20.0,,,60.0,245.0,,345,1,,345,1,
,BOSS400-220,BOSS400-A001,EBOSS 400220 HYBRID CWP ACCESSORY PACKAGE,15.0,15.0,,,60.0,230.0,,320,5,,320,1,
,BOSS400-220,BOSS400-A002,EBOSS 400220 HYBRID AWP CLIOC CSA ACCESSORY KIT,10.0,10.0,,,60.0,320.0,,400,5,,400,1,
,BOSS400-220,BOSS400-A003,EBOSS 400220 HYBRID AWP CLIOC CSA 600V TB ACCESSORY KIT,5.0,5.0,,,60.0,800.0,,870,5,,870,3,
,BOSS400PM,BOSS400HS-A001,EBOSS 400 PM SKID EH 600V INPUT 600V OUTPUT ACCESSORY PACKAGE,15.0,15.0,,,60.0,45.0,,135,5,,135,0,
🟡,BOSS400PM,BOSS400HS-A002,EBOSS 400 PM EH HERC DECAL ACCESSORY PACKAGE,20.0,20.0,10.0,320.0,60.0,60.0,,490,5,1600.0,1770,6,v13: Battery data added (5 batt)
,BOSS400PM,BOSS400HS-A003,EBOSS 400 PM SKID CSA CLIOC EHART VC ACCESSORY PACKAGE ,5.0,5.0,,,60.0,150.0,,220,5,,220,1,
,BOSS70-45,BOSS70-A001,EBOSS 7045 HYBRID CWP OES TEL UR DECAL ACCESSORY PACKAGE ,10.0,10.0,,,60.0,322.0,,402,1,,402,1,
,BOSS70-45,BOSS70-A002,EBOSS 7045 HYBRID CWP OES ES DECAL ACCESSORY PACKAGE ,10.0,10.0,,,60.0,269.0,,349,1,,349,1,
,BOSS70-45,BOSS70-A003,EBOSS 7045 HYBRID BD CWP ACCESSORY PACKAGE  ,20.0,20.0,,,60.0,250.0,,350,1,,350,1,
,BOSS70-45,BOSS70-A004,EBOSS 70-45 HYBRID CWP ACCESSORY PACKAGE,20.0,20.0,10.0,320.0,60.0,230.0,,580,1,320.0,660,2,✏️ User confirmed: keep labor as-is
,BOSS70-45,BOSS70-A005,EBOSS 7045 HYBRID CWP T MOBILE WRAP ACCESSORY PACKAGE,15.0,15.0,,,60.0,230.0,,320,1,,320,1,
,BOSS70-45,BOSS70-A006,EBOSS 7045 HYBRID T MOBILE WRAP ACCESSORY PACKAGE,10.0,10.0,,,60.0,,,80,1,,80,0,
,BOSS70-40,BOSS70-40 AXXX,EBOSS 70-40 ESTIMATION ACCESSORY PACKAGE,30.0,30.0,10.0,320.0,60.0,180.0,,550,1,320.0,630,2,
🟡,BOSS70-40,BOSS70-A007,EBOSS 70-40 HYBRID CS CWP OES TEL UR DECAL ACCESSORY PACKAGE,30.0,30.0,10.0,320.0,60.0,180.0,,550,1,320.0,630,2,✏️ User confirmed: Remove CSA
,BOSS70-45,BOSS70-A008,EBOSS 7045 HYBRID CSA EH 600V ACCESSORY PACKAGE,5.0,5.0,,,60.0,60.0,,130,1,,130,0,
,BOSS70-45,BOSS70-A009,EBOSS 7045 HYBRID CWP SOL ACCESSORY PACKAGE,5.0,5.0,,,60.0,230.0,,300,1,,300,1,
,BOSS70-45,BOSS70-A010,EBOSS 7045 HYBRID CWP OES TELT3 ES DECAL ACCESSORY PACKAGE,,,,,60.0,322.0,,382,1,,382,1,
,BOSS70-45,BOSS70-A011,EBOSS 7045 HYBRID AWP CSA 600V ACCESSORY PACKAGE,20.0,20.0,,,60.0,290.0,,390,1,,390,1,
,BOSS70-65,BOSS70-65 AXXX,EBOSS 70-65 ESTIMATION ACCESSORY PACKAGE,30.0,30.0,10.0,320.0,60.0,300.0,,670,1,320.0,750,2,
🟡,BOSS70-65,BOSS70-A012,EBOSS 70-65 EBH CCV EH OES TELT3 ES DECAL ACCESSORY PACKAGE,30.0,30.0,10.0,320.0,60.0,300.0,,670,1,320.0,750,2,
,BOSS70-40,BOSS70-A013,EBOSS 7040 HYBRID CSA CWP OES TEL UR DECAL ACCESSORY PACKAGE,5.0,5.0,,,60.0,341.0,,411,1,,411,1,
,BOSS70-45,BOSS70-A014,EBOSS 7045 HYBRID AWP CSA SOL ACCESSORY PACKAGE,5.0,5.0,,,60.0,290.0,,360,1,,360,1,
,BOSS70-45,BOSS70-A015,EBOSS 7045 CCV EBH SOL 200G EXT FUEL ACCESSORY PACKAGE,20.0,20.0,,,60.0,120.0,,220,1,,220,1,
,BOSS70-45,BOSS70-A016,EBOSS 7045 AWP ACCESSORY PACKAGE,20.0,20.0,,,60.0,275.0,,375,1,,375,1,
,BOSS70-45,BOSS70-A017,EBOSS 70-45 CWP TEL OES DECAL ACCESSORY PACKAGE,30.0,30.0,10.0,320.0,60.0,280.0,,650,1,320.0,730,2,"✏️ User confirmed: includes TELT3 + CWP, BHW, HFF, TEL"
,BOSS70-45,BOSS70-45 AXXX,EBOSS 70-45 ESTIMATION ACCESSORY PACKAGE,30.0,30.0,10.0,320.0,60.0,280.0,,650,1,320.0,730,2,
🟡,BOSS70PM,BOSS70HS-A001,EBOSS 70 PM EH HERC DECAL ACCESSORY PACKAGE,30.0,30.0,10.0,320.0,60.0,60.0,,510,1,320.0,510,2,v11: Battery added
,BOSS70PM,BOSS70HS-A002,EBOSS 70 PM EH EQUIPMENT SHARE DECAL ACCESSORY PACKAGE,25.0,25.0,,,60.0,60.0,,170,1,,170,1,Renamed BOSS70-HSA002 → BOSS70HS-A002
,BOSS70PM,BOSS70HS-A003,EBOSS 70 PM EH SUNSTATE DECAL ACCESSORY PACKAGE,10.0,10.0,10.0,320.0,60.0,60.0,,390,1,320.0,470,2,
,HES125,HES125-125ASSY,EBOSS 125KVA OUTPUT 125KVA INPUT HEAD UNIT ASSEMBLY,10.0,10.0,,,60.0,,,80,1,,80,0,
,HES125,HES125-ASSY,EBOSS 125KVA OUTPUT HEAD UNIT ASSEMBLY,5.0,5.0,,,60.0,,,70,1,,70,0,
,HES125,HES125-ASSYTU,125 HEAD UNIT SUPPLIER OWNED INVENTORY ASSEMBLY TEST UNIT,20.0,20.0,,,60.0,135.0,,235,1,,235,1,
,HES15A,HES15A-SSY,EBOSS HES 15 ASSEMBLY,5.0,5.0,,,60.0,,,70,1,,70,0,
,HES15M,HES15M-AXASSY,EBOSS HES15MAX ASSEMBLY,10.0,10.0,,,60.0,,,80,1,,80,0,
,HES15R,HES15R-2ASSY,15 HEAD UNIT REV 2 ASSEMBLY,10.0,10.0,,,60.0,,,80,1,,80,0,
,HES220,HES220-ASSY,EBOSS 220KVA OUTPUT HEAD UNIT ASSEMBLY,10.0,10.0,,,60.0,,,80,1,,80,0,
,HES220,HES220-ASSYTU,220 HEAD UNIT SUPPLIER OWNED INVENTORY ASSEMBLY TEST UNIT,10.0,10.0,,,60.0,135.0,,215,1,,215,1,
,HES400,HES400-ASSY,EBOSS 400KVA OUTPUT HEAD UNIT ASSEMBLY,,,,,60.0,,,60,1,,60,0,
,HES70A,HES70A-SSY,HES70ASSY,,,,,60.0,,,60,1,,60,0,
,HES70R,HES70R-2ASSY,70 HEAD UNIT REV 2 ASSEMBLY,5.0,5.0,,,60.0,,,70,1,,70,0,
🟡,BOSSPM,5000000054,HEATER ENCLOSURE EBOSS25 EBOSS70 KIT,,,10.0,80.0,60.0,,,150,1,80.0,150,0,✏️ User confirmed: keep labor (EH is correct)
,SDG125,SDG125-A001,SDG125S8E1 BC DCL ACCESSORY KIT,,,,,,95.0,,95,1,,95,0,
,SDG125,SDG125-A002,SDG125S8E1 BC DCL EBH ACCESSORY KIT,,,,,,125.0,,125,1,,125,0,
,SDG125,SDG125-A003,SDG125S8E1 BC BD DCL EBH ACCESSORY KIT,,,,,,145.0,,145,1,,145,0,
,SDG125,SDG125-A004,SDG125S8E1 BC DCL OES SBC SL TEL ACCESSORY KIT,5.0,5.0,,,,298.0,,308,1,,308,1,
,SDG125,SDG125-A005,SDG125S8E1 BC DCL OES SBC TEL ACCESSORY KIT,,,,,,208.0,,208,1,,208,1,
,SDG125,SDG125-A006,SDG125S8E1 BC BD BHW DCL EBH HFF SL ACCESSORY KIT,,,,,,330.0,,330,1,,330,1,
,SDG125,SDG125-A007,SDG125S8E1 AWP BC DCL PK ACCESSORY KIT,,,,,,610.0,,610,1,,610,2,
,SDG125,SDG125-A008,SDG125S8E1 BC CWP DCL SL ACCESSORY KIT,,,,,,415.0,,415,1,,415,1,
,SDG125,SDG125-A009,SDG125S8E1 BHW CCV CSA EBH SL 600V TB SEC ACCESSORY KIT,15.0,15.0,,,,695.0,,725,1,,725,2,
,SDG125,SDG125-A010,SDG125S8E1 DCL SL ACCESSORY KIT,20.0,20.0,,,,165.0,,205,1,,205,1,
,SDG125,SDG125-A011,SDG125S8E1 BC DCL SL ACCESSORY KIT,25.0,25.0,,,,185.0,,235,1,,235,1,
,SDG125,SDG125-A012,SDG125S8E1 BC BHW CCV CSA EBH HFF SL ACCESSORY KIT ,35.0,35.0,,,,310.0,,380,1,,380,1,
,SDG125,SDG125-A013,SDG125S8E1 BC BHW CCV EBHT HFF ACCESSORY KIT ,30.0,30.0,,,,205.0,,265,1,,265,1,
,SDG125,SDG125-A014,SDG125S8E1 BC BHW CCV DCL EBH ACCESSORY KIT,40.0,40.0,,,,205.0,,285,1,,285,1,
,SDG125,SDG125-A015,SDG125S8E1 BC DCL EBH SL ACCESSORY KIT,25.0,25.0,,,,215.0,,265,1,,265,1,
,SDG125,SDG125-A016,SDG125S8E1 BC SL ACCESSORY KIT,25.0,25.0,,,,110.0,,160,1,,160,1,
,SDG125,SDG125-A017,SDG125S8E1 BC DCL EBH HFF SL ACCESSORY KIT,30.0,30.0,,,,290.0,,350,1,,350,1,
,SDG125,SDG125-A018,SDG125S8E1 BHW CCV EBH HFF LR SL ACCESSORY KIT,15.0,15.0,,,,275.0,,305,1,,305,1,
,SDG125,SDG125-A019,SDG125S8E1 BC EBHT SL ACCESSORY KIT,20.0,20.0,,,,140.0,,180,1,,180,1,
,SDG125,SDG125-A020,SDG125S8E1 BC DCL SBC SL ACCESSORY KIT,35.0,35.0,,,,215.0,,285,1,,285,1,
,SDG125,SDG125-A021,SDG125S8E1 BC BD DCL EBHT OES PK TEL UR DECAL ACCESSORY KIT ,25.0,25.0,,,,483.0,,533,1,,533,2,
,SDG125,SDG125-A022,SDG125S8E1 BC BD BHW CCV CSA EBH HFF PAS SL 600V TB ACCESSORY KIT,30.0,30.0,,,,811.0,,871,1,,871,3,
,SDG13,SDG13-A001,SDG13LAX8E1 CWP ACCESSORY KIT,25.0,25.0,,,,230.0,,280,1,,280,1,
,SDG13,SDG13-A002,SDG13LAX8E1 CWP TEL ACCESSORY KIT,10.0,10.0,,,,283.0,,303,1,,303,1,
,SDG13,SDG13-A003,SDG13LAX8E1 CDB CSA CWP LF ACCESSORY KIT,30.0,30.0,,,,545.0,,605,1,,605,2,
,SDG13,SDG13-A004,SDG13LAX8E1 CSA CWP ACCESSORY KIT,25.0,25.0,,,,245.0,,295,1,,295,1,
,SDG13,SDG13-A005,SDG13LAX8E1 CSA CWP LF ACCESSORY KIT,15.0,15.0,,,,365.0,,395,1,,395,1,
,SDG13,SDG13-A006,SDG13LAX8E1 AWP ACCESSORY KIT,25.0,25.0,,,,275.0,,325,1,,325,1,
,SDG13,SDG13-A007,SDG13LAX8E1 AWP CSA ACCESSORY KIT,45.0,45.0,,,,290.0,,380,1,,380,1,
,SDG13,SDG13-A008,SDG13LAX8E1 BD BHW CCV EBH ACCESSORY KIT,45.0,45.0,,,,130.0,,220,1,,220,1,
,SDG13,SDG13-A009,SDG13LAX8E1 BD BHW CSA EBH LF ACCESSORY KIT,5.0,5.0,,,,205.0,,215,1,,215,1,
,SDG13,SDG13-A010,SDG13LAX8E1 BD BHW CDB CSA EBH LF ACCESSORY KIT,10.0,10.0,,,,385.0,,405,1,,405,1,
,SDG13,SDG13-A011,SDG13LAX8E1 BHW CCV CDB CSA EBH LF ACCESSORY KIT,20.0,20.0,,,,425.0,,465,1,,465,2,
,SDG13,SDG13-A012,SDG13LAX8E1 BHR LRH TEL ACCESSORY KIT,10.0,10.0,,,,114.0,,134,1,,134,0,
,SDG13,SDG13-A013,SDG13LAX8E1 BC CWP ACCESSORY KIT,15.0,15.0,,,,250.0,,280,1,,280,1,
,SDG13,SDG13-A014,SDG13LAX8E1 CWP EXT FUEL TANK ACCESSORY KIT,5.0,5.0,,,,230.0,,240,1,,240,1,
,SDG13,SDG13-A015,SDG13LAX8E1 AS BC EBH RV TEL UR DECAL ACCESSORY KIT,10.0,10.0,,,,118.0,,138,1,,138,0,
,SDG13,SDG13-A016,SDG13LAX8E1 BD BHW EBH ACCESSORY KIT,20.0,20.0,,,,70.0,,110,1,,110,0,
,SDG13,SDG13-A017,SDG13LAX8E1 AS BC EBH OES RV TEL UR DECAL ACCESSORY KIT,25.0,25.0,,,,148.0,,198,1,,198,1,
,SDG13,SDG13-A018,SDG13LAX8E1 BC BD TEL ACCESSORY KIT ,30.0,30.0,,,,93.0,,153,1,,153,1,
,SDG13,SDG13-A019,SDG13LAX8E1 AS BHW CCV CSA EBH LR OES RV TEL UR DECAL ACCESSORY KIT,30.0,30.0,,,,223.0,,283,1,,283,1,
,SDG150,SDG150-A001,SDG150S8E1 BC DCL EBH ACCESSORY KIT,15.0,15.0,,,,125.0,,155,1,,155,1,
,SDG150,SDG150-A002,SDG150S8E1 BC BD DCL EBH ACCESSORY KIT,10.0,10.0,,,,145.0,,165,1,,165,1,
,SDG150,SDG150-A003,SDG150S8E1 BC BD DCL EBH OES ACCESSORY KIT,5.0,5.0,,,,175.0,,185,1,,185,1,
,SDG150,SDG150-A004,SDG150S8E1 BC BD BHW CCV DCL EBH HFF SL ACCESSORY KIT,20.0,20.0,,,,451.0,,491,1,,491,2,
,SDG150,SDG150-A005,SDG150S8E1 BC DCL OES SBC TEL ACCESSORY KIT,15.0,15.0,,,,208.0,,238,1,,238,1,
,SDG150,SDG150-A006,SDG150S8E1 BC DCL SL ACCESSORY KIT,25.0,25.0,,,,245.0,,295,1,,295,1,
,SDG150,SDG150-A007,SDG150S8E1 BC EBH DCL OES SBC SL TEL ACCESSORY KIT  ,15.0,15.0,,,,388.0,,418,1,,418,1,
,SDG150,SDG150-A008,SDG150S8E1 DCL SL ACCESSORY KIT ,35.0,35.0,,,,225.0,,295,1,,295,1,
,SDG150,SDG150-A009,SDG150S8E1 BC DCL ACCESSORY KIT,20.0,20.0,,,,95.0,,135,1,,135,0,
,SDG150,SDG150-A010,SDG150S8E1 BC BD DCL EBH OES SL ACCESSORY KIT,25.0,25.0,,,,325.0,,375,1,,375,1,
,SDG150,SDG150-A011,SDG150S8E1 BC BD DCL ACCESSORY KIT,30.0,30.0,,,,115.0,,175,1,,175,1,
,SDG150,SDG150-A012,SDG150S8E1 DCL 250G EXT FUEL ACCESSORY KIT,45.0,45.0,,,,75.0,,165,1,,165,1,
,SDG150,SDG150-A013,SDG150S8E1 BC SL ACCESSORY KIT,30.0,30.0,,,,170.0,,230,1,,230,1,
,SDG150,SDG150-A014,SDG150S8E1 BHW CCV EBHT HFF LR SL ACCESSORY KIT,20.0,20.0,,,,335.0,,375,1,,375,1,
,SDG150,SDG150-A015,SDG150S8E1 BC DCL EBH TEL ACCESSORY KIT,40.0,40.0,,,,178.0,,258,1,,258,1,
,SDG220,SDG220-A001,SDG220S8E1 BC BD DCL EBH ACCESSORY KIT,15.0,15.0,,,,145.0,,175,1,,175,1,
,SDG220,SDG220-A002,SDG220S8E1 BC DCL OES SBC TEL ACCESSORY KIT,15.0,15.0,,,,208.0,,238,1,,238,1,
,SDG220,SDG220-A003,SDG220S8E1 BC BD BHW CCV DCL EBH HFF SL TEL ACCESSORY KIT,35.0,35.0,,,,594.0,,664,1,,664,2,
,SDG220,SDG220-A004,SDG220S8E1 DCL SL ACCESSORY KIT,20.0,20.0,,,,315.0,,355,1,,355,1,
,SDG220,SDG220-A005,SDG220S8E1 BC BHW CCV DCL EBH HFF ACCESSORY KIT,10.0,10.0,,,,280.0,,300,1,,300,1,
,SDG220,SDG220-A006,SDG220S8E1 BC DCL SL ACCESSORY KIT,10.0,10.0,,,,335.0,,355,1,,355,1,
,SDG220,SDG220-A007,SDG220S8E1 BC DCL EBH ACCESSORY KIT,25.0,25.0,,,,125.0,,175,1,,175,1,
,SDG220,SDG220-A008,SDG220S8E1 BC BHW DCL EBHT HFF SL ACCESSORY KIT,25.0,25.0,,,,460.0,,510,1,,510,2,
,SDG220,SDG220-A009,SDG220S8E1 DCL SBC ACCESSORY KIT,25.0,25.0,,,,125.0,,175,1,,175,1,
,SDG220,SDG220-A010,SDG220S8E1 BC DCL ACCESSORY KIT,30.0,30.0,,,,95.0,,155,1,,155,1,
,SDG220,SDG220-A011,SDG220S8E1 BC BHW DCL EBHT HFF JBR SL ACCESSORY KIT ,50.0,50.0,,,,460.0,,560,1,,560,2,
,SDG220,SDG220-A012,SDG220S8E1 DCL SBC SL OES STANA ACCESSORY KIT,15.0,15.0,,,,395.0,,425,1,,425,1,
,SDG220,SDG220-A013,SDG220S8E1 BC DCL EBHT SL ACCESSORY KIT,35.0,35.0,,,,365.0,,435,1,,435,1,
,SDG220,SDG220-A014,SDG220S8E1 DCL OES SBC SL ACCESSORY KIT,20.0,20.0,,,,395.0,,435,1,,435,1,
,SDG220,SDG220-A015,SDG220S8E1 BC BD BHW CCV CSA EBH EBHT HFF SL ACCESSORY KIT,20.0,20.0,,,,481.0,,521,1,,521,2,
,SDG220,SDG220-A016,SDG220S8E1 BC DCL SBC SL ACCESSORY KIT,35.0,35.0,,,,365.0,,435,1,,435,1,
,SDG220,SDG220-A017,SDG220S8E1 DCL RJS ST ACCESSORY KIT,20.0,20.0,,,,135.0,,175,1,,175,1,
,SDG220,SDG220-A018,SDG220S8E1 BC DCL SL ACCESSORY KIT,15.0,15.0,,,,335.0,,365,1,,365,1,
,SDG220,SDG220-A019,SDG220S8E1 BC BD BHW DCL EBH HFF SL ACCESSORY KIT,35.0,35.0,,,,480.0,,550,1,,550,2,
,SDG25,SDG25-A001,SDG25S8E1 BC EBH ACCESSORY KIT,30.0,30.0,,,,50.0,,110,1,,110,0,
,SDG25,SDG25-A002,SDG25S8E1 BC CL ACCESSORY KIT,25.0,25.0,,,,50.0,,100,1,,100,0,
,SDG25,SDG25-A003,SDG25S8E1 BC CL EBH ACCESSORY KIT,30.0,30.0,,,,80.0,,140,1,,140,0,
,SDG25,SDG25-A004,SDG25S8E1 BC BD CL EBH ACCESSORY KIT,40.0,40.0,,,,100.0,,180,1,,180,1,
,SDG25,SDG25-A005,SDG25S8E1 BC BD BHW CL EBH HFF TEL ACCESSORY KIT,25.0,25.0,,,,248.0,,298,1,,298,1,
,SDG25,SDG25-A006,SDG25S8E1 BC CL EBH OES TEL ACCESSORY KIT,15.0,15.0,,,,163.0,,193,1,,193,1,
,SDG25,SDG25-A007,SDG25S8E1 CDB CSA EBH ACCESSORY KIT,20.0,20.0,,,,225.0,,265,1,,265,1,
,SDG25,SDG25-A008,SDG25S8E1 SL TEL ACCESSORY KIT,40.0,40.0,,,,93.0,,173,1,,173,1,
,SDG25,SDG25-A009,SDG25S8E1 BC CL CLNT EBH HFF OES RV TEL UR DECAL ACCESSORY KIT,10.0,10.0,,,,263.0,,283,1,,283,1,
,SDG25,SDG25-A010,SDG25S8E1 CCV EBH ACCESSORY KIT,10.0,10.0,,,,90.0,,110,1,,110,0,
,SDG25,SDG25-A011,SDG25S8E1 BHW CSA EBH ACCESSORY KIT,15.0,15.0,,,,65.0,,95,1,,95,0,
,SDG25,SDG25-A012,SDG25S8E1 BHW CCV CDB CSA EBH ACCESSORY KIT,20.0,20.0,,,,305.0,,345,1,,345,1,
,SDG25,SDG25-A013,SDG25S8E1 BHW EBH ACCESSORY KIT,35.0,35.0,,,,50.0,,120,1,,120,0,
,SDG25,SDG25-A014,SDG25S8E1 CL SL ACCESSORY KIT,25.0,25.0,,,,70.0,,120,1,,120,0,
,SDG25,SDG25-A015,SDG25S8E1 BHW CCV CDB CSA EBH SL ACCESSORY KIT ,15.0,15.0,,,,345.0,,375,1,,375,1,
,SDG25,SDG25-A016,SDG25S8E1 BC CL CLNT CSA EBH HFF OES RV TEL UR DECAL ACCESSORY KIT,10.0,10.0,,,,278.0,,298,1,,298,1,
,SDG25,SDG25-A017,SDG25S8E1 CL EBH ACCESSORY KIT,40.0,40.0,,,,60.0,,140,1,,140,0,
,SDG25,SDG25-A018,SDG25S8E1 EBH SL ACCESSORY KIT,10.0,10.0,,,,70.0,,90,1,,90,0,
,SDG25,SDG25-A019,SDG25S8E1 CL SBC ACCESSORY KIT,15.0,15.0,,,,80.0,,110,1,,110,0,
,SDG25,SDG25-A020,SDG25S8E1 BD BHW CL EBH HFF SBC SL 160G EXT ACCESSORY KIT,25.0,25.0,,,,265.0,,315,1,,315,1,
,SDG25,SDG25-A021,SDG25S8E1 EBH SBC ACCESSORY KIT,10.0,10.0,,,,80.0,,100,1,,100,0,
,SDG25,SDG25-A022,SDG25S8E1 BC CL EBH TELT3 ES DECAL ACCESSORY KIT,10.0,10.0,,,,148.0,,168,1,,168,1,
,SDG25,SDG25-A023,SDG25S8E1 BC BHW EBH HFF ACCESSORY KIT ,30.0,30.0,,,,145.0,,205,1,,205,1,
,SDG25,SDG25-A024,SDG25S8E1 SL TEL UR DECAL ACCESSORY KIT,45.0,45.0,,,,108.0,,198,1,,198,1,
,SDG25,SDG25-A025,SDG25S8E1 BC CL EBH SL UR DECAL ACCESSORY KIT,10.0,10.0,,,,135.0,,155,1,,155,1,
,SDG25,SDG25-A026,SDG25S8E1 BC CL UR DECAL ACCESSORY KIT,10.0,10.0,,,,65.0,,85,1,,85,0,
,SDG25,SDG25-A027,SDG25S8E1 BC CL EBH HFF SL UR DECAL ACCESSORY KIT ,15.0,15.0,,,,210.0,,240,1,,240,1,
,SDG25,SDG25-A028,SDG25S8E1 EBH SL TEL UR DECAL ACCESSORY KIT,40.0,40.0,,,,138.0,,218,1,,218,1,
,SDG25,SDG25-A029,SDG25S8E1 BHW EBH SL ACCESSORY KIT,15.0,15.0,,,,90.0,,120,1,,120,0,
,SDG25,SDG25-A030,SDG25S8E1 CL EBH SL ACCESSORY KIT,25.0,25.0,,,,100.0,,150,1,,150,0,
,SDG25,SDG25-A031,SDG25S8E1 BC CL EBH TEL ACCESSORY KIT,20.0,20.0,,,,133.0,,173,1,,173,1,
,SDG25,SDG25-A032,SDG25S8E1 BD SL ACCESSORY KIT,15.0,15.0,,,,60.0,,90,1,,90,0,
,SDG25,SDG25-A033,SDG25S8E1 BC EBH TELT3 ES DECAL ACCESSORY KIT,25.0,25.0,,,,118.0,,168,1,,168,1,
,SDG25,SDG25-A034,SDG25S8E1 AWP CSA 600V CAM ACCESSORY KIT,15.0,15.0,,,,290.0,,320,1,,320,1,
,SDG25,SDG25-A036,SDG25S8E1 BC EBH SL ACCESSORY KIT,30.0,30.0,,,,90.0,,150,1,,150,0,
,SDG25,SDG25-A037,SDG25S8E1 BC CDB CSA EBH ACCESSORY KIT,20.0,20.0,,,,245.0,,285,1,,285,1,
,SDG25,SDG25-A038,SDG25S8E1 BC CL EBH HFF SL ACCESSORY KIT ,15.0,15.0,,,,195.0,,225,1,,225,1,
,SDG25,SDG25-A039,SDG25S8E1 CCV EBH HFF OES SL TEL UR DECAL ACCESSORY KIT,15.0,15.0,,,,303.0,,333,1,,333,1,
,SDG25,SDG25-A035,SDG25S8E1 AWP CSA 6V TB ACCESSORY KIT,20.0,20.0,,,,770.0,,810,1,,810,3,
,SDG25S,SDG25S-VA001,SDG25SV8E1 BHW CSA EBH 600V CL ACCESSORY KIT,10.0,10.0,,,,95.0,,115,1,,115,0,Verify VA prefix
,SDG25S,SDG25S-VA002,SDG25SV8E1 AWP CSA ACCESSORY KIT,20.0,20.0,,,,290.0,,330,1,,330,1,Verify VA prefix
,SDG25S,SDG25S-VA003,SDG25SV8E1 AWP CSA 600V ACCESSORY KIT,10.0,10.0,,,,290.0,,310,1,,310,1,Verify VA prefix
,SDG25S,SDG25S-VA004,SDG25SV8E1 BC CCV EBH ACCESSORY KIT USED,15.0,15.0,,,,110.0,,140,1,,140,0,Verify VA prefix
,SDG400,SDG400-A001,SDG400S8E1 BC BD EBH TCL ACCESSORY KIT,20.0,20.0,,,,145.0,,185,1,,185,1,
,SDG400,SDG400-A002,SDG400S8E1 BC EBH TCL ACCESSORY KIT,25.0,25.0,,,,125.0,,175,1,,175,1,
,SDG400,SDG400-A003,SDG400S8E1 BC EBH SL TCL ACCESSORY KIT,35.0,35.0,,,,365.0,,435,1,,435,1,
,SDG400,SDG400-A004,SDG400S8E1 BC SL TCL ACCESSORY KIT,15.0,15.0,,,,335.0,,365,1,,365,1,
,SDG400,SDG400-A005,SDG400S8E1 BC OES SBC SL TCL TEL ACCESSORY KIT,20.0,20.0,,,,448.0,,488,1,,488,2,
,SDG400,SDG400-A006,SDG400S8E1 BC BD BHW CCV EBHT HFF SL TCL TEL ACCESSORY KIT,10.0,10.0,,,,593.0,,613,1,,613,2,
,SDG400,SDG400-A007,SDG400S8E1 SL TCL ACCESSORY KIT,10.0,10.0,,,,315.0,,335,1,,335,1,
,SDG400,SDG400-A008,SDG400S8E1 AWP BC SL TCL ACCESSORY KIT,15.0,15.0,,,,610.0,,640,1,,640,2,
,SDG400,SDG400-A009,SDG400S8E1 BC TCL PK ACCESSORY KIT,25.0,25.0,,,,335.0,,385,1,,385,1,
,SDG400,SDG400-A010,SDG400S8E1 SBC SL TCL ACCESSORY KIT,20.0,20.0,,,,365.0,,405,1,,405,1,
,SDG400,SDG400-A011,SDG400S8E1 BC BD EBH SL TCL ACCESSORY KIT,25.0,25.0,,,,385.0,,435,1,,435,1,
,SDG400,SDG400-A012,SDG400S8E1 BHW CCV CSA EBH HFF 600V TB ACCESSORY KIT,20.0,20.0,,,,680.0,,720,1,,720,2,
,SDG400,SDG400-A013,SDG400S8E1 BC CSA EBH TCLC ACCESSORY KIT,35.0,35.0,,,,140.0,,210,1,,210,1,
,SDG400,SDG400-A014,SDG400S8E1 BC CSA EBH TCLC 600V CL ACCESSORY KIT,50.0,50.0,,,,140.0,,240,1,,240,1,
,SDG400,SDG400-A015,SDG400S8E1 BHW EBH HFF SL TCL ACCESSORY KIT,15.0,15.0,,,,455.0,,485,1,,485,2,
,SDG400,SDG400-A016,SDG400S8E1 BC EBH ACCESSORY KIT,25.0,25.0,,,,50.0,,100,1,,100,0,
,SDG400,SDG400-A017,SDG400S8E1 BC EBH SL ACCESSORY KIT,20.0,20.0,,,,290.0,,330,1,,330,1,
,SDG40,SDG40-A001,SDG40S8E1 BC CL SL ACCESSORY KIT,25.0,25.0,,,,110.0,,160,1,,160,1,
,SDG40,SDG40-A002,SDG40S8E1 BC BD BHW CL EBH HFF SL TEL ACCESSORY KIT,30.0,30.0,,,,308.0,,368,1,,368,1,
,SDG40,SDG40-A003,SDG40S8E1 AWP CSA ACCESSORY KIT,30.0,30.0,,,,290.0,,350,1,,350,1,
,SDG40,SDG40-A004,SDG40S8E1 BC CWP CL ACCESSORY KIT ,25.0,25.0,,,,280.0,,330,1,,330,1,
,SDG40,SDG40-A005,SDG40S8E1 BHW CCV EBH LRH ACCESSORY KIT,25.0,25.0,,,,171.0,,221,1,,221,1,
,SDG40,SDG40-A006,SDG40S8E1 BC CL CLNT EBH OES RV TEL UR DECAL ACCESSORY KIT ,30.0,30.0,,,,188.0,,248,1,,248,1,
,SDG40,SDG40-A007,SDG40S8E1 BC CL EBH ACCESSORY KIT,10.0,10.0,,,,80.0,,100,1,,100,0,
,SDG40,SDG40-A008,SDG40S8E1 BC CL CLNT EBH RV ACCESSORY KIT,15.0,15.0,,,,90.0,,120,1,,120,0,
,SDG40,SDG40-A009,SDG40S8E1 CL SL ACCESSORY KIT,15.0,15.0,,,,90.0,,120,1,,120,0,
,SDG40,SDG40-A010,SDG40S8E1 BC BHW HFF ACCESSORY KIT,40.0,40.0,,,,115.0,,195,1,,195,1,
,SDG40,SDG40-A011,SDG40S8E1 BC BD BHW CL EBH ACCESSORY KIT,10.0,10.0,,,,120.0,,140,1,,140,0,
,SDG40,SDG40-A012,SDG40S8E1 CL SBC ACCESSORY KIT,15.0,15.0,,,,80.0,,110,1,,110,0,
,SDG40,SDG40-A013,SDG40S8E1 BC CL CLNT EBH OES PK RV TEL UR DECAL ACCESSORY KIT,25.0,25.0,,,,428.0,,478,1,,478,2,
,SDG40,SDG40-A014,SDG40S8E1 BC CL CLNT EBH OES RV SL TEL UR DECAL ACCESSORY KIT ,35.0,35.0,,,,248.0,,318,1,,318,1,
,SDG45,SDG45-A001,SDG45S8E2 BC CL EBH ACCESSORY KIT,15.0,15.0,,,,80.0,,110,1,,110,0,
,SDG45,SDG45-A002,SDG45S8E2 BC EBH OES ACCESSORY KIT,20.0,20.0,,,,80.0,,120,1,,120,0,
,SDG45,SDG45-A003,SDG45S8E2 BC CL EBH SL ACCESSORY KIT,10.0,10.0,,,,140.0,,160,1,,160,1,
,SDG45,SDG45-A004,SDG45S8E2 BC BD BHW CL EBH HFF SL TEL ACCESSORY KIT,15.0,15.0,,,,308.0,,338,1,,338,1,
,SDG45,SDG45-A007,SDG45S8E2 BC EBH HFF ACCESSORY KIT,25.0,25.0,,,,125.0,,175,1,,175,1,
,SDG45,SDG45-A008,SDG45S8E2 SL TEL ACCESSORY KIT,15.0,15.0,,,,113.0,,143,1,,143,0,
,SDG45,SDG45-A009,SDG45S8E2 BC CL SL ACCESSORY KIT,40.0,40.0,,,,110.0,,190,1,,190,1,
,SDG45,SDG45-A010,SDG45S8E2 AWP BC BD CL ACCESSORY KIT,40.0,40.0,,,,345.0,,425,1,,425,1,
,SDG45,SDG45-A011,SDG45S8E2 BC BD BHW CL EBH HFF SL ACCESSORY KIT,15.0,15.0,,,,255.0,,285,1,,285,1,
,SDG45,SDG45-A012,SDG45S8E2 BC CL CLNT EBH OES RV TEL UR DECAL ACCESSORY KIT,15.0,15.0,,,,188.0,,218,1,,218,1,
,SDG45,SDG45-A013,SDG45S8E2 BHW CCV CSA EBH SL 600V TB ACCESSORY KIT,20.0,20.0,,,,665.0,,705,1,,705,2,
,SDG45,SDG45-A014,SDG45S8E2 BHW EBH ACCESSORY KIT ,40.0,40.0,,,,50.0,,130,1,,130,0,
,SDG45,SDG45-A015,SDG45S8E2 BD CL SL ACCESSORY KIT,15.0,15.0,,,,110.0,,140,1,,140,0,
,SDG45,SDG45-A016,SDG45S8E2 CL SL TEL H&E DECAL ACCESSORY KIT,10.0,10.0,,,,158.0,,178,1,,178,1,
,SDG45,SDG45-A017,SDG45S8E2 CL SL ACCESSORY KIT,15.0,15.0,,,,90.0,,120,1,,120,0,
,SDG45,SDG45-A018,SDG45S8E2 EBH HFF SL ACCESSORY KIT,20.0,20.0,,,,165.0,,205,1,,205,1,
,SDG45,SDG45-A019,SDG45S8E2 BC CL ACCESSORY KIT,35.0,35.0,,,,50.0,,120,1,,120,0,
,SDG45,SDG45-A020,SDG45S8E2 CL EBH ACCESSORY KIT,35.0,35.0,,,,60.0,,130,1,,130,0,
,SDG45,SDG45-A021,SDG45S8E2 BC BD BHW CCV CL CSA EBH HFF LR SL ACCESSORY KIT,30.0,30.0,,,,333.0,,393,1,,393,1,
,SDG45,SDG45-A022,SDG45S8E2 BC CL EBH OES SL TEL UR DECAL ACCESSORY KIT,10.0,10.0,,,,238.0,,258,1,,258,1,
,SDG45,SDG45-A023,SDG45S8E2 BC EBH TELT3 ES DECAL ACCESSORY KIT,15.0,15.0,,,,118.0,,148,1,,148,0,
,SDG45,SDG45-A024,SDG45S8E2 BC CL EBH TELT3 ES DECAL ACCESSORY KIT,20.0,20.0,,,,148.0,,188,1,,188,1,
,SDG45,SDG45-A025,SDG45S8E2 BC BHW CL EBH SL ACCESSORY KIT,10.0,10.0,,,,175.0,,195,1,,195,1,
,SDG45,SDG45-A026,SDG45S8E2 BC CL EBH OES TEL UR DECAL ACCESSORY KIT,15.0,15.0,,,,178.0,,208,1,,208,1,
,SDG45,SDG45-A027,SDG45S8E2 BC CL EBH HFF SL ACCESSORY KIT,10.0,10.0,,,,215.0,,235,1,,235,1,
,SDG45,SDG45-A028,SDG45S8E2 BC BD BHW CCV CSA EBH HFF PAS SL 600V TB ACCESSORY KIT,10.0,10.0,,,,780.0,,800,1,,800,3,
,SDG45,SDG45-A029,SDG45S8E2 AWP CSA 600V CAM ACCESORY KIT,45.0,45.0,,,,290.0,,380,1,,380,1,
,SDG45,SDG45-A031,SDG45S8E2 CCV EBH HFF OES SL TEL UR DECAL ACCESSORY KIT,35.0,35.0,,,,323.0,,393,1,,393,1,
,SDG45,SDG45-A3,SDG45S8E2 AWP CSA 6V TB ACCESORY KIT,20.0,20.0,,,,770.0,,810,1,,810,3,CONFLICT: SDG45-A003 also exists
,SDG45,SDG45-A032,SDG45S8E2 BHW CCV CSA LR 6V TB PRI ACCESSORY KIT ,25.0,25.0,,,,575.0,,625,1,,625,2,
,SDG45,SDG45-A005,SDG45S8E2 CSA EBH SL 6V TB ACCESSORY KIT,25.0,25.0,,,,585.0,,635,1,,635,2,
,SDG45,SDG45-A006,SDG45S8E2 CSA EBH SL 6V TB ACCESSORY KIT,30.0,30.0,,,,585.0,,645,1,,645,2,
,SDG45S,SDG45S-VA001,SDG45SV8E2 AWP CSA 600V CL ACCESSORY KIT ,25.0,25.0,,,,320.0,,370,1,,370,1,Verify VA prefix
,SDG65,SDG65-A001,SDG65S8E1 BC BD CL EBH SL ACCESSORY KIT,45.0,45.0,,,,160.0,,250,1,,250,1,
,SDG65,SDG65-A002,SDG65S8E1 BC BD CL EBH OES ACCESSORY KIT,10.0,10.0,,,,130.0,,150,1,,150,0,
,SDG65,SDG65-A003,SDG65S8E1 BC BD BHW CL EBH HFF SL TEL ACCESSORY KIT,35.0,35.0,,,,308.0,,378,1,,378,1,
,SDG65,SDG65-A004,SDG65S8E1 BC CL EBH SL ACCESSORY KIT,15.0,15.0,,,,140.0,,170,1,,170,1,
,SDG65,SDG65-A005,SDG65S8E1 BC CL OES SBC SL TEL ACCESSORY KIT,20.0,20.0,,,,223.0,,263,1,,263,1,
,SDG65,SDG65-A006,SDG65S8E1 CL SL ACCESSORY KIT,20.0,20.0,,,,90.0,,130,1,,130,0,
,SDG65,SDG65-A009,SDG65S8E1 BC CL EBH ACCESSORY KIT,20.0,20.0,,,,80.0,,120,1,,120,0,
,SDG65,SDG65-A010,SDG65S8E1 AWP BD CSA CL PAS SL ACCESSORY KIT,15.0,15.0,,,,400.0,,430,1,,430,1,
,SDG65,SDG65-A011,SDG65S8E1 BC BD BHW CL EGB HFF SL ACCESSORY KIT,25.0,25.0,,,,225.0,,275,1,,275,1,
,SDG65,SDG65-A012,SDG65S8E1 BHW CCV CSA EBH SL 600V TB PRI ACCESSORY KIT,25.0,25.0,,,,665.0,,715,1,,715,2,
,SDG65,SDG65-A013,SDG65S8E1 BHW EBH ACCESSORY KIT,40.0,40.0,,,,50.0,,130,1,,130,0,
,SDG65,SDG65-A014,SDG65S8E1 BC CL EBH OES SBC SL TEL H&E DECAL ACCESSORY KIT,20.0,20.0,,,,268.0,,308,1,,308,1,
,SDG65,SDG65-A015,SDG65S8E1 BC EBH SL ACCESSORY KIT,30.0,30.0,,,,110.0,,170,1,,170,1,
,SDG65,SDG65-A016,SDG65S8E1 BC CL SL ACCESSORY KIT,10.0,10.0,,,,110.0,,130,1,,130,0,
,SDG65,SDG65-A017,SDG65S8E1 BC BD CL EBH ACCESSORY KIT,15.0,15.0,,,,100.0,,130,1,,130,0,
,SDG65,SDG65-A018,SDG65S8E1 BD CL SL ACCESSORY KIT,25.0,25.0,,,,110.0,,160,1,,160,1,
,SDG65,SDG65-A019,SDG65S8E1 BC CL ACCESSORY KIT,30.0,30.0,,,,50.0,,110,1,,110,0,
,SDG65,SDG65-A020,SDG65S8E1 BC CL EBH HFF SL ACCESSORY KIT,30.0,30.0,,,,215.0,,275,1,,275,1,
,SDG65,SDG65-A021,SDG65S8E1 BC BD BHW CCV EBH HFF LR RJS SL ACCESSORY KIT ,10.0,10.0,,,,345.0,,365,1,,365,1,
,SDG65,SDG65-A022,SDG65S8E1 BC EBH ACCESSORY KIT,40.0,40.0,,,,50.0,,130,1,,130,0,
,SDG65,SDG65-A023,SDG65S8E1 BC BHW CCV CL EBH HFF LR SL ACCESSORY KIT,15.0,15.0,,,,295.0,,325,1,,325,1,
,SDG65,SDG65-A024,SDG65S8E1 CL EBH ACCESSORY KIT,15.0,15.0,,,,60.0,,90,1,,90,0,
,SDG65,SDG65-A025,SDG65S8E1 BC CL EBH TELT3 ES DECAL ACCESSORY KIT,20.0,20.0,,,,148.0,,188,1,,188,1,
,SDG65,SDG65-A026,SDG65S8E1 BC CL EBH TELT3 ACCESSORY KIT,15.0,15.0,,,,133.0,,163,1,,163,1,
,SDG65,SDG65-A027,SDG65S8E1 BC BHW CCV CL EBH SL 240V DELTA CL ACCESSORY KIT,10.0,10.0,,,,220.0,,240,1,,240,1,
,SDG65,SDG65-A029,SDG65S8E1 AWP CSA 600V CAM ACCESSORY KIT,25.0,25.0,,,,290.0,,340,1,,340,1,
,SDG65,SDG65-A030,SDG65S8E1 CCV EBH HFF OES SL TEL UR DECAL ACCESSORY KIT ,40.0,40.0,,,,323.0,,403,1,,403,1,
,SDG65,SDG65-A028,SDG65S8E1 BHW CSA EBH 6V TB BRK PRI ACCESSORY KIT ,10.0,10.0,,,,545.0,,565,1,,565,2,
,SDG65,SDG65-A007,SDG65S8E1 CSA EBH SL 6V TB BRK PRI ACCESSORY KIT,35.0,35.0,,,,585.0,,655,1,,655,2,
,SDG65,SDG65-A008,SDG65S8E1 CSA EBH SL 6V TB BRK SECD ACCESSORY KIT,10.0,10.0,,,,585.0,,605,1,,605,2,
,,5000000037,For PDS185EZ-003 | Pkg: 3' RH + EBH,10.0,5.0,,,,,60.0,75,1,,75,0,🆕 NEW — added per your notes
,,BOSS400HS-A004,"For BOSS400HS-002 | Pkg: HERC DECALS, EH (DOUBLE)",20.0,5.0,,320.0,960.0,,,1145,5,1600.0,2585,9,🆕 NEW — added per your notes
🟡,BOSS70-65,BOSS70-A018,Seeded from BOSS70-A012 (new May SKU),30.0,30.0,10.0,320.0,60.0,300.0,,670,1,320.0,750,2,"🆕 NEW — seeded from BOSS70-A012, verify"
