SKU,Description,Warehouse,Wire,Trailer,FN_Assy,Final Station,PDI,QC,Ship,ETO,Bat,Last Modified
BOSS125-001,"ENERGY BOSS 125 TRIPLE AXLE ELEC TRAILER 2"" BALL HITCH ASSEMBLY",10.0,60.0,210.0,45.0,Final,60.0,60.0,30.0,0,1.0,2026-05-26
BOSS125-003,"ENERGY BOSS 125 TRIPLE AXLE ELEC TRAILER 3"" RING HITCH ASSEMBLY",10.0,60.0,210.0,0.0,Final,60.0,60.0,30.0,0,1.0,2026-05-26
BOSS125-004,"ENERGY BOSS 125 TRIPLE AXLE ELEC TRAILER 3"" BALL HITCH ASSEMBLY PROTOTYPE",10.0,60.0,210.0,180.0,Final,60.0,60.0,30.0,0,1.0,2026-05-26
BOSS125-50,ENERGY BOSS 125KVA 100KW OUTPUT 50KWH ASSEMBLY,10.0,60.0,210.0,0.0,Final,60.0,60.0,30.0,0,1.0,2026-05-26
BOSS125HS-001,ENERGY BOSS 125 HEAD SKID ASSEMBLY,10.0,60.0,0.0,0.0,Final,60.0,60.0,30.0,0,1.0,2026-05-26
BOSS125HT-001,"ENERGY BOSS 125 HEAD DUAL AXLE TRAILER 2"" BALL HITCH ASSEMBLY",10.0,60.0,180.0,0.0,Final,60.0,60.0,30.0,0,1.0,2026-05-26
BOSS220-001,"ENERGY BOSS 220 TRIPLE AXLE ELEC TRAILER 2"" BALL HITCH ASSEMBLY",10.0,60.0,210.0,0.0,Final,60.0,60.0,30.0,960,2.0,2026-05-26
BOSS220-003,"ENERGY BOSS 220 TRIPLE AXLE ELEC TRAILER 3"" RING HITCH ASSEMBLY",10.0,60.0,210.0,0.0,Final,60.0,60.0,30.0,960,2.0,2026-05-26
BOSS220HS-001,ENERGY BOSS 220 HEAD SKID ASSEMBLY,10.0,60.0,0.0,0.0,Final,60.0,60.0,30.0,960,2.0,2026-05-26
BOSS25PM XXX,EBOSS 25 PM ESTIMATION ASSEMBLY,10.0,60.0,0.0,30.0,Final,60.0,60.0,30.0,0,1.0,2026-05-26
BOSS220PM XXX,EBOSS 220 PM ESTIMATION ASSEMBLY,10.0,60.0,0.0,30.0,Final,60.0,60.0,30.0,960,2.0,2026-05-26
BOSS220HS-002,EBOSS 220 PM SKID VENTED COVER ASSEMBLY,10.0,60.0,0.0,45.0,Final,60.0,60.0,30.0,960,3.0,2026-05-26
BOSS25-001,"ENERGY BOSS 25 DUAL AXLE SURGE TRAILER 2"" BALL HITCH ASSEMBLY",10.0,60.0,90.0,0.0,Final,60.0,60.0,30.0,0,1.0,2026-05-26
BOSS25-002,"ENERGY BOSS 25 DUAL AXLE ELEC TRAILER 2"" BALL HITCH ASSEMBLY",10.0,60.0,120.0,0.0,Final,60.0,60.0,30.0,0,1.0,2026-05-26
BOSS25-003,"ENERGY BOSS 25 DUAL AXLE SURGE TRAILER 2-5/16"" BALL HITCH ASSEMBLY",10.0,60.0,90.0,0.0,Final,60.0,60.0,30.0,0,1.0,2026-05-26
BOSS25-004,"ENERGY BOSS 25 DUAL AXLE ELEC TRAILER 2-5/16"" BALL HITCH ASSEMBLY",10.0,60.0,120.0,0.0,Final,60.0,60.0,30.0,0,1.0,2026-05-26
BOSS25-005,"ENERGY BOSS 25 DUAL AXLE SURGE TRAILER 3"" RING HITCH ASSEMBLY",10.0,60.0,90.0,0.0,Final,60.0,60.0,30.0,0,1.0,2026-05-26
BOSS25-006,"ENERGY BOSS 25 DUAL AXLE ELEC TRAILER 3"" RING HITCH ASSEMBLY",10.0,60.0,180.0,0.0,Final,60.0,60.0,30.0,0,1.0,2026-05-26
BOSS25-010,"EBOSS 25-25 HYBRID DUAL AXLE SURGE TRAILER MOD 3"" RING HITCH ASSEMBLY",10.0,60.0,120.0,180.0,Final,60.0,60.0,30.0,0,1.0,2026-05-26
BOSS25-25 XXX,EBOSS 25-25 HYBRID ESTIMATION ASSEMBLY,10.0,60.0,120.0,300.0,Final,60.0,60.0,30.0,0,1.0,2026-05-26
BOSS25-011,"EBOSS 25-25 HYBRID DUAL AXLE ELEC TRAILER MOD 3"" RING HITCH ASSEMBLY",10.0,60.0,120.0,300.0,Final,60.0,60.0,30.0,0,1.0,2026-05-26
BOSS25-15-HT001,ENERGY BOSS 15KWH 25KW OUTPUT HEAD UNIT TRAILER ASSEMBLY,10.0,60.0,0.0,0.0,Final,60.0,60.0,30.0,0,1.0,2026-05-26
BOSS25-15-S009,"ENERGY BOSS 15KWH 25KW OUTPUT HYD 3""RH BH CCV CSA EH LR VC",10.0,60.0,0.0,0.0,Final,60.0,60.0,30.0,0,1.0,2026-05-26
BOSS25-15-S016,ENERGY BOSS 15KWH 25KW OUTPUT L SKID ASSEMBLY,10.0,60.0,0.0,0.0,Final,60.0,60.0,30.0,0,1.0,2026-05-26
BOSS25HS-001,ENERGY BOSS 25 HEAD SKID ASSEMBLY,10.0,60.0,0.0,0.0,Final,60.0,60.0,30.0,0,1.0,2026-05-26
BOSS25HT-001,"ENERGY BOSS 25 HEAD SINGLE AXLE TRAILER 2"" BALL HITCH ASSEMBLY",10.0,60.0,60.0,0.0,Final,60.0,60.0,30.0,0,1.0,2026-05-26
BOSS25HT-002,"ENERGY BOSS 25 HEAD SINGLE AXLE TRAILER 2-5/16"" BALL HITCH ASSEMBLY",10.0,60.0,60.0,0.0,Final,60.0,60.0,30.0,0,1.0,2026-05-26
BOSS25HT-004,"ENERGY BOSS 25 HEAD SINGLE AXLE TRAILER 3"" RING HITCH ASSEMBLY",10.0,60.0,60.0,0.0,Final,60.0,60.0,30.0,0,1.0,2026-05-26
BOSS25MAX-001,"ENERGY BOSS 25MAX DUAL AXLE SURGE TRAILER 2"" BALL HITCH ASSEMBLY",10.0,60.0,90.0,0.0,Final,60.0,60.0,30.0,0,1.0,2026-05-26
BOSS25MAXHS-001,ENERGY BOSS 25MAX HEAD SKID ASSEMBLY,10.0,60.0,0.0,0.0,Final,60.0,60.0,30.0,0,1.0,2026-05-26
BOSS25MAXHT-001,"ENERGY BOSS 25MAX HEAD SINGLE AXLE TRAILER 2"" BALL HITCH ASSEMBLY",10.0,60.0,0.0,0.0,Final,60.0,60.0,30.0,0,1.0,2026-05-26
BOSS400HS-001,EBOSS 400 PM SKID ASSEMBLY METRIC SKID,10.0,60.0,0.0,90.0,Final,60.0,60.0,30.0,960,5.0,2026-05-26
BOSS400HS-003,EBOSS 400 150KWH PM SKID ASSEMBLY,10.0,60.0,40.0,90.0,Final,60.0,60.0,30.0,960,5.0,2026-05-26
BOSS70-001,"EBOSS 70-45 HYBRID DUAL AXLE SURGE TRAILER 2"" BALL HITCH ASSEMBLY",10.0,60.0,90.0,180.0,Final,60.0,60.0,30.0,0,1.0,2026-05-26
BOSS70-002,"ENERGY BOSS 70 DUAL AXLE ELEC TRAILER 2"" BALL HITCH ASSEMBLY",10.0,60.0,120.0,0.0,Final,60.0,60.0,30.0,0,1.0,2026-05-26
BOSS70-003,"ENERGY BOSS 70 DUAL AXLE SURGE TRAILER 2-5/16"" BALL HITCH ASSEMBLY",10.0,60.0,90.0,0.0,Final,60.0,60.0,30.0,0,1.0,2026-05-26
BOSS70-004,"ENERGY BOSS 70 DUAL AXLE ELEC TRAILER 2-5/16"" BALL HITCH ASSEMBLY",10.0,60.0,120.0,0.0,Final,60.0,60.0,30.0,0,1.0,2026-05-26
BOSS70-005,"ENERGY BOSS 70 DUAL AXLE SURGE TRAILER 3"" RING HITCH ASSEMBLY",10.0,60.0,90.0,0.0,Final,60.0,60.0,30.0,0,1.0,2026-05-26
BOSS70-006,"ENERGY BOSS 70 DUAL AXLE ELEC TRAILER 3"" RING HITCH ASSEMBLY",10.0,60.0,120.0,0.0,Final,60.0,60.0,30.0,0,1.0,2026-05-26
BOSS70-007,"ENERGY BOSS 70 CAT XQ35 HYBRID DUAL AXLE SURGE TRAILER 2"" BALL HITCH ASSEMBLY",10.0,60.0,120.0,0.0,Final,60.0,60.0,30.0,0,1.0,2026-05-26
BOSS70-009,"ENERGY BOSS 70 CAT XQ35 HYBRID DUAL AXLE SURGE TRAILER 2-5/16"" BALL HITCH ASSEMBLY",10.0,60.0,120.0,0.0,Final,60.0,60.0,30.0,0,1.0,2026-05-26
BOSS70-010,"ENERGY BOSS 70 CAT XQ35 HYBRID DUAL AXLE SURGE TRAILER 3"" RING HITCH ASSEMBLY",10.0,60.0,120.0,0.0,Final,60.0,60.0,30.0,0,1.0,2026-05-26
BOSS70-40 XXX,EBOSS 70-40 HYBRID ESTIMATION ASSEMBLY,10.0,60.0,180.0,300.0,Final,60.0,60.0,30.0,0,1.0,2026-05-26
BOSS70-45 XXX,EBOSS 70-45 HYBRID ESTIMATION ASSEMBLY,10.0,60.0,150.0,300.0,Final,60.0,60.0,30.0,0,1.0,2026-05-26
BOSS70-65 XXX,EBOSS 70-65 HYBRID ESTIMATION ASSEMBLY,10.0,60.0,150.0,300.0,Final,60.0,60.0,30.0,0,1.0,2026-05-26
BOSS70-012,"EBOSS 70-40 HYBRID CS DUAL AXLE SURGE TRAILER 3"" RING HITCH ASSEMBLY",10.0,60.0,180.0,180.0,Final,60.0,60.0,30.0,0,1.0,2026-05-26
BOSS70-019,"EBOSS 70-45 HYBRID DUAL AXLE ELECTRIC TRAILER FOR EXT FUEL TANK 3"" RING HITCH ASSEMBLY",10.0,60.0,150.0,180.0,Final,60.0,60.0,30.0,0,1.0,2026-05-26
BOSS70-017,"EBOSS 70-65 HYBRID DUAL AXLE SURGE TRAILER 3"" RING HITCH ASSEMBLY",10.0,60.0,120.0,180.0,Final,60.0,60.0,30.0,0,1.0,2026-05-26
BOSS70-25H,ENERGY BOSS 70KVA 25KWH OUTPUT HEAD UNIT ASSEMBLY,10.0,60.0,60.0,0.0,Final,60.0,60.0,30.0,0,1.0,2026-05-26
BOSS70-25HB,ENERGY BOSS 70KVA 25KWH OUTPUT HEAD UNIT ASSEMBLY BLACK,10.0,35.0,60.0,0.0,Final,60.0,60.0,30.0,0,1.0,
BOSS70-25-S001,OBOLETE USE PART# BOSS70-001 ENERGY BOSS 70KVA 56KW OUTPUT 25KWH FULL HYD ASSEMBLY,10.0,60.0,0.0,0.0,Final,60.0,60.0,30.0,0,1.0,2026-05-26
BOSS70-A010,"SDG400S-8E1 ELECTRIC TRAILER 3"" RING HITCH ASSEMBLY",10.0,60.0,240.0,0.0,Final,60.0,60.0,30.0,0,1.0,2026-05-26
BOSS70HS-001,EBOSS 70 PM SKID ASSEMBLY,10.0,60.0,20.0,20.0,Final,60.0,60.0,30.0,0,1.0,2026-05-26
BOSS70HS-003,EBOSS 70 PM CE COMPLIANT PM SKID ASSEMBLY,10.0,60.0,20.0,45.0,Final,60.0,60.0,30.0,0,1.0,2026-05-26
BOSS70HT-002,"ENERGY BOSS 70 HEAD SINGLE AXLE TRAILER 2-5/16"" BALL HITCH ASSEMBLY",10.0,60.0,60.0,0.0,Final,60.0,60.0,30.0,0,1.0,2026-05-26
BOSS70HT-003,"ENERGY BOSS 70 HEAD SINGLE AXLE TRAILER 3"" RING HITCH ASSEMBLY",10.0,60.0,60.0,0.0,Final,60.0,60.0,30.0,0,1.0,2026-05-26
PDS100 XXX,PDS100S-6E1 ESTIMATION ASSEMBLY,5.0,0.0,0.0,150.0,ComAcc,15.0,30.0,30.0,0,0.0,
PDS100-001,"PDS100S-6E1 W/UNDERCARRIAGE 2"" BALL HITCH ASSEMBLY",10.0,0.0,0.0,118.0,ComAcc,15.0,30.0,30.0,0,0.0,2026-05-27
PDS100-002,"PDS100S-6E1 W/UNDERCARRIAGE 2-5/16"" BALL HITCH ASSEMBLY",5.0,0.0,0.0,120.0,ComAcc,15.0,30.0,30.0,0,0.0,
PDS100-003,"PDS100S-6E1 W/UNDERCARRIAGE 3"" RING HITCH ASSEMBLY",5.0,0.0,0.0,120.0,ComAcc,15.0,30.0,30.0,0,0.0,
PDS185EZ-001,"PDS185S-6EZ1 W/UNDERCARRIAGE 2"" BALL HITCH BLU DOOR ASSEMBLY",10.0,0.0,0.0,158.0,ComAcc,30.0,30.0,30.0,0,0.0,2026-05-27
PDS185EZ-002,"PDS185S-6EZ1 W/UNDERCARRIAGE 2-5/16"" BALL HITCH BLU DOOR ASSEMBLY",5.0,0.0,0.0,120.0,ComAcc,15.0,30.0,30.0,0,0.0,
PDS185EZ-003,"PDS185S-6EZ1 W/UNDERCARRIAGE 3"" RING HITCH BLU DOOR ASSEMBLY",10.0,0.0,0.0,158.0,ComAcc,30.0,30.0,30.0,0,0.0,2026-05-27
PDS185EZ-004,"PDS185S-6EZ1 W/UNDERCARRIAGE 2"" BALL HITCH WHT DOOR ASSEMBLY",5.0,0.0,0.0,120.0,ComAcc,15.0,30.0,30.0,0,0.0,
PDS185EZ-005,"PDS185S-6EZ1 W/UNDERCARRIAGE 2-5/16"" DEM BALL HITCH WHT DOOR ASSEMBLY",5.0,0.0,0.0,120.0,ComAcc,15.0,30.0,30.0,0,0.0,
PDS185EZ-006,"PDS185S-6EZ1 W/UNDERCARRIAGE 3"" RING HITCH WHT DOOR ASSEMBLY",5.0,0.0,0.0,120.0,ComAcc,15.0,30.0,30.0,0,0.0,
PDS185EZ-007,"PDS185S-6EZ1 W/UNDERCARRIAGE 2"" BULLDOG BALL HITCH BLU DOOR ASSEMBLY",5.0,0.0,0.0,120.0,ComAcc,15.0,30.0,30.0,0,0.0,
PDS185S-001,"PDS185S-6E1 W/UNDERCARRIAGE 2"" BALL HITCH BLU DOOR ASSEMBLY",5.0,0.0,0.0,120.0,ComAcc,15.0,30.0,30.0,0,0.0,
PDS185S-002,"PDS185S-6E1 W/UNDERCARRIAGE 2-5/16"" BALL HITCH BLU DOOR ASSEMBLY",5.0,0.0,0.0,120.0,ComAcc,15.0,30.0,30.0,0,0.0,
PDS185S-003,"PDS185S-6E1 W/UNDERCARRIAGE 3"" RING HITCH BLU DOOR ASSEMBLY",5.0,0.0,0.0,120.0,ComAcc,15.0,30.0,30.0,0,0.0,
PDS185S-004,"PDS185S-6E1 W/UNDERCARRIAGE 2"" BALL HITCH WHT DOOR ASSEMBLY",5.0,0.0,0.0,120.0,ComAcc,15.0,30.0,30.0,0,0.0,
PDS185S-005,"PDS185S-6E1 W/UNDERCARRIAGE 2-5/16"" BALL HITCH WHT DOOR ASSEMBLY",5.0,0.0,0.0,120.0,ComAcc,15.0,30.0,30.0,0,0.0,
PDS185S-006,"PDS185S-6E1 W/UNDERCARRIAGE 3"" RING HITCH WHT DOOR ASSEMBLY",5.0,0.0,0.0,120.0,ComAcc,15.0,30.0,30.0,0,0.0,
PDS185S-007,"PDS185S-6E1 W/UNDERCARRIAGE 2"" BULLDOG BALL HITCH BLU DOOR ASSEMBLY",5.0,0.0,0.0,120.0,ComAcc,15.0,30.0,30.0,0,0.0,
PDS310DP-001,"PDSG310DP-6E1 W/UNDERCARRIAGE SURGE 2"" BALL HITCH ASSEMBLY",5.0,0.0,0.0,315.0,ComAcc,15.0,30.0,30.0,0,0.0,
PDS310DP-002,"PDSG310DP-6E1 W/UNDERCARRIAGE ELECTRIC 2"" BALL HITCH ASSEMBLY",5.0,0.0,0.0,270.0,ComAcc,15.0,30.0,30.0,0,0.0,
PDS310DP-003,"PDSG310DP-6E1 W/UNDERCARRIAGE SURGE 2-5/16"" BALL HITCH ASSEMBLY",5.0,0.0,0.0,315.0,ComAcc,15.0,30.0,30.0,0,0.0,
PDS310DP-004,"PDSG310DP-6E1 W/UNDERCARRIAGE ELECTRIC 2-5/16"" BALL HITCH ASSEMBLY",5.0,0.0,0.0,270.0,ComAcc,15.0,30.0,30.0,0,0.0,
PDS310DP-005,"PDSG310DP-6E1 W/UNDERCARRIAGE SURGE 3"" RING HITCH ASSEMBLY",5.0,0.0,0.0,315.0,ComAcc,15.0,30.0,30.0,0,0.0,
PDS310DP-006,"PDSG310DP-6E1 W/UNDERCARRIAGE ELECTRIC 3"" RING HITCH ASSEMBLY",5.0,0.0,0.0,270.0,ComAcc,15.0,30.0,30.0,0,0.0,
PDS375DP-001,"PDSF375DP-6E1 W/UNDERCARRIAGE SURGE 2"" BALL HITCH ASSEMBLY",5.0,0.0,0.0,315.0,ComAcc,15.0,30.0,30.0,0,0.0,
PDS375DP-002,"PDSF375DP-6E1 W/UNDERCARRIAGE ELECTRIC 2"" BALL HITCH ASSEMBLY",5.0,0.0,0.0,270.0,ComAcc,15.0,30.0,30.0,0,0.0,
PDS375DP-003,"PDSF375DP-6E1 W/UNDERCARRIAGE SURGE 2-5/16"" BALL HITCH ASSEMBLY",5.0,0.0,0.0,315.0,ComAcc,15.0,30.0,30.0,0,0.0,
PDS375DP-004,"PDSF375DP-6E1 W/UNDERCARRIAGE ELECTRIC 2-5/16"" BALL HITCH ASSEMBLY",5.0,0.0,0.0,270.0,ComAcc,15.0,30.0,30.0,0,0.0,
PDS375DP-005,"PDSF375DP-6E1 W/UNDERCARRIAGE SURGE 3"" RING HITCH ASSEMBLY",5.0,0.0,0.0,315.0,ComAcc,15.0,30.0,30.0,0,0.0,
PDS375DP-006,"PDSF375DP-6E1 W/UNDERCARRIAGE ELECTRIC 3"" RING HITCH ASSEMBLY",10.0,0.0,0.0,388.0,ComAcc,30.0,30.0,30.0,0,0.0,2026-05-27
PDS375DPC-001,"PDSF375DPC-6E1 W/UNDERCARRIAGE SURGE 2"" BALL HITCH ASSEMBLY",5.0,0.0,0.0,335.0,ComAcc,15.0,30.0,30.0,0,0.0,
PDS375DPC-002,"PDSF375DPC-6E1 W/UNDERCARRIAGE ELECTRIC 2"" BALL HITCH ASSEMBLY",5.0,0.0,0.0,290.0,ComAcc,15.0,30.0,30.0,0,0.0,
PDS375DPC-003,"PDSF375DPC-6E1 W/UNDERCARRIAGE SURGE 2-5/16"" BALL HITCH ASSEMBLY",5.0,0.0,0.0,335.0,ComAcc,15.0,30.0,30.0,0,0.0,
PDS375DPC-004,"PDSF375DPC-6E1 W/UNDERCARRIAGE ELECTRIC 2-5/16"" BALL HITCH ASSEMBLY",5.0,0.0,0.0,290.0,ComAcc,15.0,30.0,30.0,0,0.0,
PDS375DPC-005,"PDSF375DPC-6E1 W/UNDERCARRIAGE SURGE 3"" RING HITCH ASSEMBLY",5.0,0.0,0.0,335.0,ComAcc,15.0,30.0,30.0,0,0.0,
PDS375DPC-006,"PDSF375DPC-6E1 W/UNDERCARRIAGE ELECTRIC 3"" RING HITCH ASSEMBLY",5.0,0.0,0.0,290.0,ComAcc,15.0,30.0,30.0,0,0.0,
PDS400S-001,"PDS400S-6E1 W/UNDERCARRIAGE SURGE 2"" BALL HITCH ASSEMBLY",5.0,0.0,0.0,335.0,ComAcc,15.0,30.0,30.0,0,0.0,
PDS400S-002,"PDS400S-6E1 W/UNDERCARRIAGE ELECTRIC 2"" BALL HITCH ASSEMBLY",5.0,0.0,0.0,290.0,ComAcc,15.0,30.0,30.0,0,0.0,
PDS400S-003,"PDS400S-6E1 W/UNDERCARRIAGE SURGE 2-5/16"" BALL HITCH ASSEMBLY",5.0,0.0,0.0,335.0,ComAcc,15.0,30.0,30.0,0,0.0,
PDS400S-004,"PDS400S-6E1 W/UNDERCARRIAGE ELECTRIC 2-5/16"" BALL HITCH ASSEMBLY",5.0,0.0,0.0,290.0,ComAcc,15.0,30.0,30.0,0,0.0,
PDS400S-005,"PDS400S-6E1 W/UNDERCARRIAGE SURGE 3"" RING HITCH ASSEMBLY",5.0,0.0,0.0,335.0,ComAcc,15.0,30.0,30.0,0,0.0,
PDS400S-006,"PDS400S-6E1 W/UNDERCARRIAGE ELECTRIC 3"" RING HITCH ASSEMBLY",10.0,0.0,0.0,163.0,ComAcc,15.0,30.0,30.0,0,0.0,2026-05-27
PDS400SC-001,"PDS400SC-6E1 W/UNDERCARRIAGE SURGE 2"" BALL HITCH ASSEMBLY",5.0,0.0,0.0,335.0,ComAcc,15.0,30.0,30.0,0,0.0,
PDS400SC-002,"PDS400SC-6E1 W/UNDERCARRIAGE ELECTRIC 2"" BALL HITCH ASSEMBLY",5.0,0.0,0.0,290.0,ComAcc,15.0,30.0,30.0,0,0.0,
PDS400SC-003,"PDS400SC-6E1 W/UNDERCARRIAGE SURGE 2-5/16"" BALL HITCH ASSEMBLY",5.0,0.0,0.0,335.0,ComAcc,15.0,30.0,30.0,0,0.0,
PDS400SC-004,"PDS400SC-6E1 W/UNDERCARRIAGE ELECTRIC 2-5/16"" BALL HITCH ASSEMBLY",5.0,0.0,0.0,290.0,ComAcc,15.0,30.0,30.0,0,0.0,
PDS400SC-005,"PDS400SC-6E1 W/UNDERCARRIAGE SURGE 3"" RING HITCH ASSEMBLY",5.0,0.0,0.0,335.0,ComAcc,15.0,30.0,30.0,0,0.0,
PDS400SC-006,"PDS400SC-6E1 W/UNDERCARRIAGE ELECTRIC 3"" RING HITCH ASSEMBLY",5.0,0.0,0.0,290.0,ComAcc,15.0,30.0,30.0,0,0.0,
PDS750-003,"PDSF750DP AIR COMPRESSOR SA ELEC 3"" RH ASSEMBLY",5.0,0.0,0.0,360.0,ComAcc,15.0,30.0,30.0,0,0.0,
SDG125-002,"SDG125S-8E1 ELECTRIC TRAILER 2"" BALL HITCH ASSEMBLY",5.0,0.0,210.0,45.0,Final,30.0,30.0,30.0,0,0.0,
SDG125-003,"SDG125S-8E1 SURGE TRAILER 2-5/16"" BALL HITCH ASSEMBLY",5.0,0.0,180.0,45.0,Final,30.0,30.0,30.0,0,0.0,
SDG125-004,"SDG125S-8E1 ELECTRIC TRAILER 2-5/16"" BALL HITCH ASSEMBLY",5.0,0.0,210.0,45.0,Final,30.0,30.0,30.0,0,0.0,
SDG125-005,"SDG125S-8E1 SURGE TRAILER 3"" RING HITCH ASSEMBLY",5.0,0.0,180.0,45.0,Final,30.0,30.0,30.0,0,0.0,
SDG125-006,"SDG125S-8E1 ELECTRIC TRAILER 3"" RING HITCH ASSEMBLY",5.0,0.0,210.0,15.0,Final,90.0,30.0,30.0,0,0.0,2026-05-27
SDG125-007,"SDG125S-8E1 SB ELECTRIC TRAILER 2"" BALL HITCH ASSEMBLY",5.0,0.0,210.0,45.0,Final,30.0,30.0,30.0,0,0.0,
SDG13-001,"SDG13LAX-8E1 TRAILER 2"" BALL HITCH ASSEMBLY",5.0,0.0,45.0,45.0,Final,30.0,30.0,30.0,0,0.0,
SDG13-002,"SDG13LAX-8E1 TRAILER 2-5/16"" BALL HITCH ASSEMBLY",5.0,0.0,45.0,45.0,Final,30.0,30.0,30.0,0,0.0,
SDG13-003,"SDG13LAX-8E1 TRAILER 3"" RING HITCH ASSEMBLY",10.0,0.0,270.0,25.0,Final,30.0,30.0,30.0,0,0.0,2026-05-27
SDG13S-U,"SDG150S-8E1 SURGE TRAILER 2"" BALL HITCH ASSEMBLY",5.0,0.0,180.0,45.0,Final,30.0,30.0,30.0,0,0.0,
SDG150-001,"SDG150S-8E1 ELECTRIC TRAILER 2"" BALL HITCH ASSEMBLY",5.0,0.0,210.0,45.0,Final,30.0,30.0,30.0,0,0.0,
SDG150-002,"SDG150S-8E1 SURGE TRAILER 2-5/16"" BALL HITCH ASSEMBLY",5.0,0.0,180.0,45.0,Final,30.0,30.0,30.0,0,0.0,
SDG150-003,"SDG150S-8E1 ELECTRIC TRAILER 2-5/16"" BALL HITCH ASSEMBLY",5.0,0.0,210.0,45.0,Final,30.0,30.0,30.0,0,0.0,
SDG150-004,"SDG150S-8E1 SURGE TRAILER 3"" RING HITCH ASSEMBLY",5.0,0.0,180.0,45.0,Final,30.0,30.0,30.0,0,0.0,
SDG150-005,"SDG150S-8E1 ELECTRIC TRAILER 3"" RING HITCH ASSEMBLY",10.0,0.0,210.0,25.0,Final,30.0,30.0,30.0,0,0.0,2026-05-27
SDG150-006,"SDG220S-8E1 ELECTRIC TRAILER 2"" BALL HITCH ASSEMBLY",5.0,0.0,240.0,45.0,Final,30.0,30.0,30.0,0,0.0,
SDG220-001,"SDG220S-8E1 ELECTRIC TRAILER 2-5/16"" BALL HITCH ASSEMBLY",5.0,0.0,240.0,45.0,Final,30.0,30.0,30.0,0,0.0,
SDG220-002,"SDG220S-8E1 ELECTRIC TRAILER 3"" RING HITCH ASSEMBLY",5.0,0.0,240.0,45.0,Final,30.0,30.0,30.0,0,0.0,
SDG220-003,"SDG220S-8E1 SB ELECTRIC TRAILER 3"" RING HITCH ASSEMBLY",5.0,0.0,240.0,15.0,Final,30.0,30.0,30.0,0,0.0,2026-05-27
SDG220-004,"SDG25S-8E1 TRAILER 2"" BALL HITCH ASSEMBLY",5.0,0.0,45.0,45.0,Final,30.0,30.0,30.0,0,0.0,
SDG25-001,"SDG25S-8E1 TRAILER 2-5/16"" BALL HITCH ASSEMBLY",10.0,0.0,105.0,25.0,Final,30.0,30.0,30.0,0,0.0,2026-05-27
SDG25-002,"SDG25S-8E1 TRAILER 3"" RING HITCH ASSEMBLY",5.0,0.0,45.0,45.0,Final,30.0,30.0,30.0,0,0.0,
SDG25-003,"SDG25SV-8E1 TRAILER 2"" BALL HITCH ASSEMBLY",10.0,0.0,105.0,25.0,Final,30.0,30.0,30.0,0,0.0,2026-05-27
SDG25V-001,"SDG25SV-8E1 TRAILER 2-5/16"" BALL HITCH ASSEMBLY",5.0,0.0,45.0,45.0,Final,30.0,30.0,30.0,0,0.0,
SDG25V-002,"SDG25SV-8E1 TRAILER 3"" RING HITCH ASSEMBLY",5.0,0.0,45.0,45.0,Final,30.0,30.0,30.0,0,0.0,
SDG400-001,"SDG40S-8E1 SINGLE AXLE SURGE TRAILER 2"" BALL HITCH ASSEMBLY",5.0,0.0,60.0,15.0,Final,30.0,30.0,30.0,0,0.0,2026-05-27
SDG40-001,"SDG40S-8E1 SINGLE AXLE ELECTRIC TRAILER 2"" BALL HITCH ASSEMBLY",5.0,0.0,90.0,45.0,Final,30.0,30.0,30.0,0,0.0,
SDG40-002,"SDG40S-8E1 SURGE DUAL AXLE SURGE TRAILER 2"" BALL HITCH ASSEMBLY",5.0,0.0,90.0,45.0,Final,30.0,30.0,30.0,0,0.0,
SDG40-003,"SDG40S-8E1 ELECTRIC DUAL AXLE SURGE TRAILER 2"" BALL HITCH ASSEMBLY",5.0,0.0,120.0,45.0,Final,30.0,30.0,30.0,0,0.0,
SDG40-004,"SDG40S-8E1 SINGLE AXLE SURGE TRAILER 2-5/16"" BALL HITCH ASSEMBLY",5.0,0.0,60.0,45.0,Final,30.0,30.0,30.0,0,0.0,
SDG40-005,"SDG40S-8E1 SINGLE AXLE ELECTRIC TRAILER 2-5/16"" BALL HITCH ASSEMBLY",5.0,0.0,90.0,45.0,Final,30.0,30.0,30.0,0,0.0,
SDG40-006,"SDG40S-8E1 SURGE DUAL AXLE SURGE TRAILER 2-5/16"" BALL HITCH ASSEMBLY",5.0,0.0,90.0,45.0,Final,30.0,30.0,30.0,0,0.0,
SDG40-007,"SDG40S-8E1 ELECTRIC DUAL AXLE SURGE TRAILER 2-5/16"" BALL HITCH ASSEMBLY",5.0,0.0,120.0,45.0,Final,30.0,30.0,30.0,0,0.0,
SDG40-008,"SDG40S-8E1 SINGLE AXLE SURGE TRAILER 3"" RING HITCH ASSEMBLY",5.0,0.0,60.0,45.0,Final,30.0,30.0,30.0,0,0.0,
SDG40-009,"SDG40S-8E1 SINGLE AXLE ELECTRIC TRAILER 3"" RING HITCH ASSEMBLY",5.0,0.0,90.0,45.0,Final,30.0,30.0,30.0,0,0.0,
SDG40-010,"SDG40S-8E1 SURGE DUAL AXLE SURGE TRAILER 3"" RING HITCH ASSEMBLY",5.0,0.0,90.0,45.0,Final,30.0,30.0,30.0,0,0.0,
SDG40-011,"SDG40S-8E1 ELECTRIC DUAL AXLE SURGE TRAILER 3"" RING HITCH ASSEMBLY",10.0,0.0,180.0,25.0,Final,30.0,30.0,30.0,0,0.0,2026-05-27
SDG40-012,"SDG45S-8E2 SINGLE AXLE SURGE TRAILER 2"" BALL HITCH ASSEMBLY",5.0,0.0,60.0,45.0,Final,30.0,30.0,30.0,0,0.0,
SDG45-001,"SDG45S-8E2 SINGLE AXLE ELECTRIC TRAILER 2"" BALL HITCH ASSEMBLY",5.0,0.0,90.0,45.0,Final,30.0,30.0,30.0,0,0.0,
SDG45-002,"SDG45S-8E2 DUAL AXLE SURGE TRAILER 2"" BALL HITCH ASSEMBLY",5.0,0.0,90.0,45.0,Final,30.0,30.0,30.0,0,0.0,
SDG45-003,"SDG45S-8E2 DUAL AXLE ELECTRIC TRAILER 2"" BALL HITCH ASSEMBLY",10.0,0.0,150.0,25.0,Final,30.0,30.0,30.0,0,0.0,2026-05-27
SDG45-004,"SDG45S-8E2 SINGLE AXLE SURGE TRAILER 2-5/16"" BALL HITCH ASSEMBLY",5.0,0.0,60.0,45.0,Final,30.0,30.0,30.0,0,0.0,
SDG45-005,"SDG45S-8E2 SINGLE AXLE ELECTRIC TRAILER 2-5/16"" BALL HITCH ASSEMBLY",5.0,0.0,90.0,45.0,Final,30.0,30.0,30.0,0,0.0,
SDG45-006,"SDG45S-8E2 DUAL AXLE SURGE TRAILER 2-5/16"" BALL HITCH ASSEMBLY",5.0,0.0,90.0,45.0,Final,30.0,30.0,30.0,0,0.0,
SDG45-007,"SDG45S-8E2 DUAL AXLE ELECTRIC TRAILER 2-5/16"" BALL HITCH ASSEMBLY",5.0,0.0,120.0,45.0,Final,30.0,30.0,30.0,0,0.0,
SDG45-008,"SDG45S-8E2 SINGLE AXLE SURGE TRAILER 3"" RING HITCH ASSEMBLY",5.0,0.0,60.0,45.0,Final,30.0,30.0,30.0,0,0.0,
SDG45-009,SDG45S-8E2 BC CL CLNT EBH OES RV TEL UR DECAL ACCESSORY KIT,5.0,0.0,60.0,45.0,Final,30.0,30.0,30.0,0,0.0,
SDG45-010,"SDG45S-8E2 SINGLE AXLE ELECTRIC TRAILER 3"" RING HITCH ASSEMBLY",5.0,0.0,90.0,45.0,Final,30.0,30.0,30.0,0,0.0,
SDG45-011,"SDG45S-8E2 DUAL AXLE SURGE TRAILER 3"" RING HITCH ASSEMBLY",10.0,0.0,150.0,25.0,Final,30.0,30.0,30.0,0,0.0,2026-05-27
SDG45-012,"SDG45S-8E2 DUAL AXLE ELECTRIC TRAILER 3"" RING HITCH ASSEMBLY",10.0,0.0,150.0,25.0,Final,30.0,30.0,30.0,0,0.0,2026-05-27
SDG45-013,"SDG45S-8E2 DUAL AXLE SURGE TRAILER 2"" BULLDOG BALL HITCH ASSEMBLY",5.0,0.0,90.0,45.0,Final,30.0,30.0,30.0,0,0.0,
SDG65-001,"SDG65S-8E1 SURGE TRAILER 2"" BALL HITCH ASSEMBLY",5.0,0.0,120.0,45.0,Final,30.0,30.0,30.0,0,0.0,
SDG65-002,"SDG65S-8E1 ELECTRIC TRAILER 2"" BALL HITCH ASSEMBLY",5.0,0.0,150.0,45.0,Final,30.0,30.0,30.0,0,0.0,
SDG65-003,"SDG65S-8E1 SURGE TRAILER 2-5/16"" BALL HITCH ASSEMBLY",5.0,0.0,120.0,45.0,Final,30.0,30.0,30.0,0,0.0,
SDG65-004,"SDG65S-8E1 ELECTRIC TRAILER 2-5/16"" BALL HITCH ASSEMBLY",5.0,0.0,150.0,45.0,Final,30.0,30.0,30.0,0,0.0,
SDG65-005,"SDG65S-8E1 SURGE TRAILER 3"" RING HITCH ASSEMBLY",10.0,0.0,180.0,30.0,Final,30.0,30.0,30.0,0,0.0,2026-05-27
SDG65-006,"SDG65S-8E1 ELECTRIC TRAILER 3"" RING  HITCH ASSEMBLY",10.0,0.0,210.0,20.0,Final,30.0,30.0,30.0,0,0.0,2026-05-27
SDG65-007,"SDG65S-8E1 ELECTRIC TRAILER 2""  BULLDOG BALL HITCH ASSEMBLY",5.0,0.0,150.0,45.0,Final,30.0,30.0,30.0,0,0.0,
BOSS25-014,BOSS25-010 variant (seeded from BOSS25-010),10.0,35.0,120.0,180.0,Final,60.0,60.0,30.0,0,1.0,2026-05-26
BOSS25-015,EBOSS 25-25 HYBRID 65 TRAILER HYD ASSEMBLY,10.0,35.0,90.0,300.0,Final,60.0,60.0,30.0,0,1.0,
BOSS400HS-002,EBOSS 400 PM SKID ASSEMBLY IMPERIAL SKID,10.0,35.0,0.0,45.0,Final,60.0,60.0,30.0,960,5.0,
PDS185EZ-009,PDS185S-6EZ1 SKID NO FORK POCKET BLU DOOR ASSEMBLY,5.0,60.0,0.0,120.0,ComAcc,15.0,30.0,30.0,0,0.0,2026-05-26
BOSS25-016,"EBOSS 25-25 REV B HYBRID DUAL AXLE ELEC TRAILER 3"" RING HITCH ASSEMBLY ES",10.0,60.0,120.0,180.0,Final,60.0,60.0,30.0,0,1.0,2026-05-26
BOSS25-017,"EBOSS 25-25 REV B HYBRID DUAL AXLE SURGE TRAILER 3"" RING HITCH ASSEMBLY FOR HERC",10.0,60.0,180.0,90.0,Final,60.0,60.0,30.0,0,1.0,2026-05-26
PDS400-004,,10.0,0.0,0.0,335.0,ComAcc,30.0,30.0,30.0,0,0.0,2026-05-27
SDG40-13,,0.0,0.0,0.0,0.0,Final,0.0,0.0,0.0,0,0.0,2026-05-26
SDG40-013,SDG40S-8E1 SKID NO FORK POCKET ASSEMBLY,10.0,0.0,180.0,25.0,Final,30.0,30.0,30.0,0,0.0,2026-05-27
PDS400S-TBA,,10.0,,,,ComAcc,,,,0,,2026-05-27
PDSF750-003,"PDSF750DP-6E1 AIR COMPRESSOR DA ELEC 3"" RH ASSEMBLY",10.0,,,404.0,ComAcc,,,,0,,2026-05-27
