PRIORITY,PRODUCTION DAY,LOCATION,ORDER TYPE,MODEL TYPE,FG SKU ID,FG ACCRY SKU ID,BUILD QTY,"BUILD 
STATUS",FEASIBILITY,ACCESSORIES,"BRAKE 
TYPE",TRAILER VIN#,TRAILER AO ,"GEN.
SERIAL #",HEAD UNIT QA#,SL SERIAL#,TELEMATICS SERIAL,EQUIP #   (CUSTOMER),TELEMATIC ACTIVATION STATUS,FG SKU AO,BOSS70-25H / BOSS70-20CS,"ACC. FG 
SKU AO",SO#,PO#,CUSTOMER NAME,"CITY, STATE",Sales Coord.,SALES- EQUIPMENT RELEASE SENT,"PACKET RELEASE
DATE","RELEASED 
BY (INITIALS)",SO & ASSEMBLY NOTES,ESTIMATED SHIP DATE,SHIPPING STATUS,BOL,CARRIER NAME,SCHEDULED PICK UP DATE,BOOK DATE,ETA,"BC 
READY TO SHIP",SALES RECEIPT,SHIPPED DATE,PRODUCTION MONTH,INVOICE DATE,SERIAL SHEET SHIP DATE,CURRENT MONTH REVENUE,RESERVED UNIT,INVENTORY CLASS,SKU IN BC,BC LOCATION,ACC TYPE,Start Date,Estimate Lead Time, Estimate End Date,End Date,,
BOSS25-25 HYBRIDS,,,,,,,,,,,,,,,,,,,,,,,,,,,,,,,,,,,,,,,,,,,,,,,,,,,,,,,,
,,HENDERSON,1,BOSS25-25 Hybrid,BOSS25-010,BOSS25-A016,1,In Queue,,"EH, DECALS",Surge/Hydraulic,6*3,,SDG25,,,,,,NEED MTS#,NEED MTS#,NEED MTS#,NEED SO#,NEED PO#,SAMPLE CUSTOMER,NEED LOCATION,,,,,,,Not Booked,NEED CUSTOMER,NEED LOCATION,,,,,,,May-26,NOT SHIPPED,NOT SHIPPED,YES,,,,,,,1,,,,
,,HENDERSON,1,BOSS25-25 Hybrid,BOSS25-010,BOSS25-A016,1,In Queue,,"EH, DECALS",Surge/Hydraulic,6*3,,SDG25,,,,,,NEED MTS#,NEED MTS#,NEED MTS#,NEED SO#,NEED PO#,SAMPLE CUSTOMER,NEED LOCATION,,,,,,,Not Booked,NEED CUSTOMER,NEED LOCATION,,,,,,,May-26,NOT SHIPPED,NOT SHIPPED,YES,,,,,,,1,,,,
,,HENDERSON,1,BOSS25-25 Hybrid,BOSS25-010,BOSS25-A016,1,In Queue,,"EH, DECALS",Surge/Hydraulic,6*3,,SDG25,,,,,,NEED MTS#,NEED MTS#,NEED MTS#,NEED SO#,NEED PO#,SAMPLE CUSTOMER,NEED LOCATION,,,,,,,Not Booked,NEED CUSTOMER,NEED LOCATION,,,,,,,May-26,NOT SHIPPED,NOT SHIPPED,YES,,,,,,,1,,,,
,,HENDERSON,1,BOSS25-25 Hybrid,BOSS25-010,BOSS25-A016,1,In Queue,,"EH, DECALS",Surge/Hydraulic,6*3,,SDG25,,,,,,NEED MTS#,NEED MTS#,NEED MTS#,NEED SO#,NEED PO#,SAMPLE CUSTOMER,NEED LOCATION,,,,,,,Not Booked,NEED CUSTOMER,NEED LOCATION,,,,,,,May-26,NOT SHIPPED,NOT SHIPPED,YES,,,,,,,1,,,,
,,HENDERSON,1,BOSS25-25 Hybrid,BOSS25-010,BOSS25-A016,1,In Queue,,"EH, DECALS",Surge/Hydraulic,6*3,,SDG25,,,,,,NEED MTS#,NEED MTS#,NEED MTS#,NEED SO#,NEED PO#,SAMPLE CUSTOMER,NEED LOCATION,,,,,,,Not Booked,NEED CUSTOMER,NEED LOCATION,,,,,,,May-26,NOT SHIPPED,NOT SHIPPED,YES,,,,,,,1,,,,
,,HENDERSON,1,BOSS25-25 Hybrid,BOSS25-010,BOSS25-A016,1,In Queue,,"EH, DECALS",Surge/Hydraulic,6*3,,SDG25,,,,,,NEED MTS#,NEED MTS#,NEED MTS#,NEED SO#,NEED PO#,SAMPLE CUSTOMER,NEED LOCATION,,,,,,,Not Booked,NEED CUSTOMER,NEED LOCATION,,,,,,,May-26,NOT SHIPPED,NOT SHIPPED,YES,,,,,,,1,,,,
,,HENDERSON,1,BOSS25-25 Hybrid,BOSS25-010,BOSS25-A016,1,In Queue,,"EH, DECALS",Surge/Hydraulic,6*3,,SDG25,,,,,,NEED MTS#,NEED MTS#,NEED MTS#,NEED SO#,NEED PO#,SAMPLE CUSTOMER,NEED LOCATION,,,,,,,Not Booked,NEED CUSTOMER,NEED LOCATION,,,,,,,May-26,NOT SHIPPED,NOT SHIPPED,YES,,,,,,,1,,,,
,,HENDERSON,1,BOSS25-25 Hybrid,BOSS25-010,BOSS25-A016,1,In Queue,,"EH, DECALS",Surge/Hydraulic,6*3,,SDG25,,,,,,NEED MTS#,NEED MTS#,NEED MTS#,NEED SO#,NEED PO#,SAMPLE CUSTOMER,NEED LOCATION,,,,,,,Not Booked,NEED CUSTOMER,NEED LOCATION,,,,,,,May-26,NOT SHIPPED,NOT SHIPPED,YES,,,,,,,1,,,,
,,HENDERSON,1,BOSS25-25 Hybrid,BOSS25-014,BOSS25-A008,1,In Queue,,"3"" RH BH BW CCV HFF EH OES TELE DECALS",Surge/Hydraulic,6*3,,SDG25,,,,,,NEED MTS#,NEED MTS#,NEED MTS#,NEED SO#,SAMPLE,SAMPLE CUSTOMER,"SAMPLE LOCATION",DH,,,,,,Not Booked,NEED CUSTOMER,NEED LOCATION,,,,,,,May-26,NOT SHIPPED,NOT SHIPPED,YES,,,,,,,3,,,,
,,HENDERSON,1,BOSS25-25 Hybrid,BOSS25-014,BOSS25-A008,1,In Queue,,"3"" RH BH BW CCV HFF EH OES TELE DECALS",Surge/Hydraulic,6*3,,SDG25,,,,,,NEED MTS#,NEED MTS#,NEED MTS#,NEED SO#,SAMPLE,SAMPLE CUSTOMER,"SAMPLE LOCATION",DH,,,,,,Not Booked,NEED CUSTOMER,NEED LOCATION,,,,,,,May-26,NOT SHIPPED,NOT SHIPPED,YES,,,,,,,3,,,,
,,HENDERSON,1,BOSS25-25 Hybrid,BOSS25-014,BOSS25-A008,1,In Queue,,"3"" RH BH BW CCV HFF EH OES TELE DECALS",Surge/Hydraulic,6*3,,SDG25,,,,,,NEED MTS#,NEED MTS#,NEED MTS#,NEED SO#,SAMPLE,SAMPLE CUSTOMER,"SAMPLE LOCATION",DH,,,,,,Not Booked,NEED CUSTOMER,NEED LOCATION,,,,,,,May-26,NOT SHIPPED,NOT SHIPPED,YES,,,,,,,3,,,,
,,HENDERSON,1,BOSS25-25 Hybrid,BOSS25-014,BOSS25-A008,1,In Queue,,"3"" RH BH BW CCV HFF EH OES TELE DECALS",Surge/Hydraulic,6*3,,SDG25,,,,,,NEED MTS#,NEED MTS#,NEED MTS#,NEED SO#,SAMPLE,SAMPLE CUSTOMER,"SAMPLE LOCATION",DH,,,,,,Not Booked,NEED CUSTOMER,NEED LOCATION,,,,,,,May-26,NOT SHIPPED,NOT SHIPPED,YES,,,,,,,3,,,,
,,HENDERSON,1,BOSS25-25 Hybrid,BOSS25-014,BOSS25-A008,1,In Queue,,"3"" RH BH BW CCV HFF EH OES TELE DECALS",Surge/Hydraulic,6*3,,SDG25,,,,,,NEED MTS#,NEED MTS#,NEED MTS#,NEED SO#,NEED PO#,SAMPLE CUSTOMER,NEED LOCATION,,,,,,,Not Booked,NEED CUSTOMER,NEED LOCATION,,,,,,,May-26,NOT SHIPPED,NOT SHIPPED,YES,,,,,,,3,,,,
,,HENDERSON,1,BOSS25-25 Hybrid,BOSS25-014,BOSS25-A008,1,In Queue,,"3"" RH BH BW CCV HFF EH OES TELE DECALS",Surge/Hydraulic,6*3,,SDG25,,,,,,NEED MTS#,NEED MTS#,NEED MTS#,NEED SO#,NEED PO#,SAMPLE CUSTOMER,NEED LOCATION,,,,,,,Not Booked,NEED CUSTOMER,NEED LOCATION,,,,,,,May-26,NOT SHIPPED,NOT SHIPPED,YES,,,,,,,3,,,,
,,HENDERSON,1,BOSS25-25 Hybrid,BOSS25-014,BOSS25-A008,1,In Queue,,"3"" RH BH BW CCV HFF EH OES TELE DECALS",Surge/Hydraulic,6*3,,SDG25,,,,,,NEED MTS#,NEED MTS#,NEED MTS#,NEED SO#,NEED PO#,SAMPLE CUSTOMER,NEED LOCATION,,,,,,,Not Booked,NEED CUSTOMER,NEED LOCATION,,,,,,,May-26,NOT SHIPPED,NOT SHIPPED,YES,,,,,,,3,,,,
,,HENDERSON,1,BOSS25-25 Hybrid,BOSS25-014,BOSS25-A008,1,In Queue,,"3"" RH BH BW CCV HFF EH OES TELE DECALS",Surge/Hydraulic,6*3,,SDG25,,,,,,NEED MTS#,NEED MTS#,NEED MTS#,NEED SO#,NEED PO#,SAMPLE CUSTOMER,NEED LOCATION,,,,,,,Not Booked,NEED CUSTOMER,NEED LOCATION,,,,,,,May-26,NOT SHIPPED,NOT SHIPPED,YES,,,,,,,3,,,,
,,HENDERSON,1,BOSS25-25 Hybrid,BOSS25-006ES,BOSS25-A013,1,In Queue,,"3"" RH BH CCV EH HFF VC BHW ODECALS",Electrical,6*11,,SDG25,,,,,,NEED MTS#,NEED MTS#,NEED MTS#,NEED SO#,SAMPLE,SAMPLE CUSTOMER,"SAMPLE LOCATION",DH,,,,,,Not Booked,NEED CUSTOMER,NEED LOCATION,,,,,,,May-26,NOT SHIPPED,NOT SHIPPED,YES,,,,,,,2.5,,,,
WEEK 1,5/8/2026,HENDERSON,1,BOSS25-25 Hybrid,BOSS25-006ES,BOSS25-A013,1,Planning,,"3"" RH BH CCV EH HFF VC BHW ODECALS",Electrical,6*11,,SDG25,,,,,,NEED MTS#,NEED MTS#,NEED MTS#,NEED SO#,SAMPLE,SAMPLE CUSTOMER,"SAMPLE LOCATION",DH,,,,,,Not Booked,NEED CUSTOMER,NEED LOCATION,,,,,,,May-26,NOT SHIPPED,NOT SHIPPED,YES,,,,,,,2.5,,,,
WEEK 1,5/8/2026,HENDERSON,1,BOSS25-25 Hybrid,BOSS25-006ES,BOSS25-A013,1,Planning,,"3"" RH BH CCV EH HFF VC BHW ODECALS",Electrical,6*11,,SDG25,,,,,,NEED MTS#,NEED MTS#,NEED MTS#,NEED SO#,SAMPLE,SAMPLE CUSTOMER,"SAMPLE LOCATION",DH,,,,,,Not Booked,NEED CUSTOMER,NEED LOCATION,,,,,,,May-26,NOT SHIPPED,NOT SHIPPED,YES,,,,,,,2.5,,,,
WEEK 1,5/4/2026,HENDERSON,1,BOSS25-25 Hybrid,BOSS25-006ES,BOSS25-A013,1,Planning,,"3"" RH BH CCV EH HFF VC BHW ODECALS",Electrical,6*103,,SDG25,,,,,,NEED MTS#,NEED MTS#,NEED MTS#,NEED SO#,SAMPLE,SAMPLE CUSTOMER,"SAMPLE LOCATION",DH,,,,,,Not Booked,NEED CUSTOMER,NEED LOCATION,,,,,,,May-26,NOT SHIPPED,NOT SHIPPED,YES,,,,,,,2.5,,,,
WEEK 1,5/4/2026,HENDERSON,1,BOSS25-25 Hybrid,BOSS25-006ES,BOSS25-A013,1,Planning,,"3"" RH BH CCV EH HFF VC BHW ODECALS",Electrical,6*103,,SDG25,,,,,,NEED MTS#,NEED MTS#,NEED MTS#,NEED SO#,SAMPLE,SAMPLE CUSTOMER,"SAMPLE LOCATION",DH,,,,,,Not Booked,NEED CUSTOMER,NEED LOCATION,,,,,,,May-26,NOT SHIPPED,NOT SHIPPED,YES,,,,,,,2.5,,,,
WEEK 1,5/4/2026,HENDERSON,1,BOSS25-25 Hybrid,BOSS25-006ES,BOSS25-A013,1,Planning,,"3"" RH BH CCV EH HFF VC BHW ODECALS",Electrical,6*103,,SDG25,,,,,,NEED MTS#,NEED MTS#,NEED MTS#,NEED SO#,SAMPLE,SAMPLE CUSTOMER,"SAMPLE LOCATION",DH,,,,,,Not Booked,NEED CUSTOMER,NEED LOCATION,,,,,,,May-26,NOT SHIPPED,NOT SHIPPED,YES,,,,,,,2.5,,,,
WEEK 1,5/4/2026,HENDERSON,1,BOSS25-25 Hybrid,BOSS25-006ES,BOSS25-A013,1,Planning,,"3"" RH BH CCV EH HFF VC BHW ODECALS",Electrical,6*103,,SDG25,,,,,,NEED MTS#,NEED MTS#,NEED MTS#,NEED SO#,SAMPLE,SAMPLE CUSTOMER,"SAMPLE LOCATION",DH,,,,,,Not Booked,NEED CUSTOMER,NEED LOCATION,,,,,,,May-26,NOT SHIPPED,NOT SHIPPED,YES,,,,,,,2.5,,,,
WEEK 1,5/4/2026,HENDERSON,1,BOSS25-25 Hybrid,BOSS25-006ES,BOSS25-A013,1,Planning,,"3"" RH BH CCV EH HFF VC BHW ODECALS",Electrical,6*103,,SDG25,,,,,,NEED MTS#,NEED MTS#,NEED MTS#,NEED SO#,SAMPLE,SAMPLE CUSTOMER,"SAMPLE LOCATION",DH,,,,,,Not Booked,NEED CUSTOMER,NEED LOCATION,,,,,,,May-26,NOT SHIPPED,NOT SHIPPED,YES,,,,,,,2.5,,,,
WEEK 1,5/4/2026,HENDERSON,1,BOSS25-25 Hybrid,BOSS25-006ES,BOSS25-A013,1,Planning,,"3"" RH BH CCV EH HFF VC BHW ODECALS",Electrical,6*103,,SDG25,,,,,,NEED MTS#,NEED MTS#,NEED MTS#,NEED SO#,SAMPLE,SAMPLE CUSTOMER,"SAMPLE LOCATION",DH,,,,,,Not Booked,NEED CUSTOMER,NEED LOCATION,,,,,,,May-26,NOT SHIPPED,NOT SHIPPED,YES,,,,,,,2.5,,,,
WEEK 1,5/5/2026,HENDERSON,1,BOSS25-25 Hybrid,BOSS25-006ES,BOSS25-A013,1,Planning,,"3"" RH BH CCV EH HFF VC BHW ODECALS",Electrical,6*103,,SDG25,,,,,,NEED MTS#,NEED MTS#,NEED MTS#,NEED SO#,SAMPLE,SAMPLE CUSTOMER,"SAMPLE LOCATION",DH,,,,,,Not Booked,NEED CUSTOMER,NEED LOCATION,,,,,,,May-26,NOT SHIPPED,NOT SHIPPED,YES,,,,,,,2.5,,,,
WEEK 1,5/5/2026,HENDERSON,1,BOSS25-25 Hybrid,BOSS25-006ES,BOSS25-A013,1,Planning,,"3"" RH BH CCV EH HFF VC BHW ODECALS",Electrical,6*103,,SDG25,,,,,,NEED MTS#,NEED MTS#,NEED MTS#,NEED SO#,SAMPLE,SAMPLE CUSTOMER,"SAMPLE LOCATION",DH,,,,,,Not Booked,NEED CUSTOMER,NEED LOCATION,,,,,,,May-26,NOT SHIPPED,NOT SHIPPED,YES,,,,,,,2.5,,,,
WEEK 1,5/5/2026,HENDERSON,1,BOSS25-25 Hybrid,BOSS25-006ES,BOSS25-A013,1,Planning,,"3"" RH BH CCV EH HFF VC BHW ODECALS",Electrical,6*103,,SDG25,,,,,,NEED MTS#,NEED MTS#,NEED MTS#,NEED SO#,SAMPLE,SAMPLE CUSTOMER,"SAMPLE LOCATION",DH,,,,,,Not Booked,NEED CUSTOMER,NEED LOCATION,,,,,,,May-26,NOT SHIPPED,NOT SHIPPED,YES,,,,,,,2.5,,,,
WEEK 1,5/5/2026,HENDERSON,1,BOSS25-25 Hybrid,BOSS25-006ES,BOSS25-A013,1,Planning,,"3"" RH BH CCV EH HFF VC BHW ODECALS",Electrical,6*103,,SDG25,,,,,,NEED MTS#,NEED MTS#,NEED MTS#,NEED SO#,SAMPLE,SAMPLE CUSTOMER,"SAMPLE LOCATION",DH,,,,,,Not Booked,NEED CUSTOMER,NEED LOCATION,,,,,,,May-26,NOT SHIPPED,NOT SHIPPED,YES,,,,,,,2.5,,,,
WEEK 1,5/5/2026,HENDERSON,1,BOSS25-25 Hybrid,BOSS25-006ES,BOSS25-A013,1,Planning,,"3"" RH BH CCV EH HFF VC BHW ODECALS",Electrical,6*103,,SDG25,,,,,,NEED MTS#,NEED MTS#,NEED MTS#,NEED SO#,SAMPLE,SAMPLE CUSTOMER,"SAMPLE LOCATION",DH,,,,,,Not Booked,NEED CUSTOMER,NEED LOCATION,,,,,,,May-26,NOT SHIPPED,NOT SHIPPED,YES,,,,,,,2.5,,,,
BOSS70-40 HYBRIDS,,,,,,,,,,,,,,,,,,,,,,,,,,,,,,,,,,,,,,,,,,,,,,,,,,,,,,,,
,,,,,,,,,,,,,,,,,,,,,,,,,,,,,,,,,,,,,,,,,,,,,,,,,,,,,,,,
WEEK 1,5/6/2026,HENDERSON,1,BOSS70-40 Hybrid,BOSS70-012UR,BOSS70-A007,1,Planning,,"3"" RH BH BW CCV HFF EH OES TELE DECALS",Surge/Hydraulic,6*3,,SDG40,,,,,,NEED MTS#,NEED MTS#,NEED MTS#,NEED SO#,SAMPLE,SAMPLE CUSTOMER,"SAMPLE LOCATION",,,,,,,Not Booked,NEED CUSTOMER,NEED LOCATION,,,,,,,May-26,NOT SHIPPED,NOT SHIPPED,YES,,,,,,,2.5,,,,
WEEK 1,5/6/2026,HENDERSON,1,BOSS70-40 Hybrid,BOSS70-012UR,BOSS70-A007,1,Planning,,"3"" RH BH BW CCV HFF EH OES TELE DECALS",Surge/Hydraulic,6*3,,SDG40,,,,,,NEED MTS#,NEED MTS#,NEED MTS#,NEED SO#,SAMPLE,SAMPLE CUSTOMER,"SAMPLE LOCATION",,,,,,,Not Booked,NEED CUSTOMER,NEED LOCATION,,,,,,,May-26,NOT SHIPPED,NOT SHIPPED,YES,,,,,,,2.5,,,,
WEEK 1,5/6/2026,HENDERSON,1,BOSS70-40 Hybrid,BOSS70-012UR,BOSS70-A007,1,Planning,,"3"" RH BH BW CCV HFF EH OES TELE DECALS",Surge/Hydraulic,6*3,,SDG40,,,,,,NEED MTS#,NEED MTS#,NEED MTS#,NEED SO#,SAMPLE,SAMPLE CUSTOMER,"SAMPLE LOCATION",,,,,,,Not Booked,NEED CUSTOMER,NEED LOCATION,,,,,,,May-26,NOT SHIPPED,NOT SHIPPED,YES,,,,,,,2.5,,,,
WEEK 1,5/6/2026,HENDERSON,1,BOSS70-40 Hybrid,BOSS70-012UR,BOSS70-A007,1,Planning,,"3"" RH BH BW CCV HFF EH OES TELE DECALS",Surge/Hydraulic,6*3,,SDG40,,,,,,NEED MTS#,NEED MTS#,NEED MTS#,NEED SO#,SAMPLE,SAMPLE CUSTOMER,"SAMPLE LOCATION",,,,,,,Not Booked,NEED CUSTOMER,NEED LOCATION,,,,,,,May-26,NOT SHIPPED,NOT SHIPPED,YES,,,,,,,2.5,,,,
WEEK 1,5/6/2026,HENDERSON,1,BOSS70-40 Hybrid,BOSS70-012UR,BOSS70-A007,1,Planning,,"3"" RH BH BW CCV HFF EH OES TELE DECALS",Surge/Hydraulic,6*3,,SDG40,,,,,,NEED MTS#,NEED MTS#,NEED MTS#,NEED SO#,SAMPLE,SAMPLE CUSTOMER,"SAMPLE LOCATION",,,,,,,Not Booked,NEED CUSTOMER,NEED LOCATION,,,,,,,May-26,NOT SHIPPED,NOT SHIPPED,YES,,,,,,,2.5,,,,
WEEK 1,5/6/2026,HENDERSON,1,BOSS70-40 Hybrid,BOSS70-012UR,BOSS70-A007,1,Planning,,"3"" RH BH BW CCV HFF EH OES TELE DECALS",Surge/Hydraulic,6*3,,SDG40,,,,,,NEED MTS#,NEED MTS#,NEED MTS#,NEED SO#,SAMPLE,SAMPLE CUSTOMER,"SAMPLE LOCATION",,,,,,,Not Booked,NEED CUSTOMER,NEED LOCATION,,,,,,,May-26,NOT SHIPPED,NOT SHIPPED,YES,,,,,,,2.5,,,,
WEEK 1,5/7/2026,HENDERSON,1,BOSS70-40 Hybrid,BOSS70-012UR,BOSS70-A007,1,Planning,,"3"" RH BH BW CCV HFF EH OES TELE DECALS",Surge/Hydraulic,6*3,,SDG40,,,,,,NEED MTS#,NEED MTS#,NEED MTS#,NEED SO#,SAMPLE,SAMPLE CUSTOMER,"SAMPLE LOCATION",,,,,,,Not Booked,NEED CUSTOMER,NEED LOCATION,,,,,,,May-26,NOT SHIPPED,NOT SHIPPED,YES,,,,,,,2.5,,,,
WEEK 1,5/7/2026,HENDERSON,1,BOSS70-40 Hybrid,BOSS70-012UR,BOSS70-A007,1,Planning,,"3"" RH BH BW CCV HFF EH OES TELE DECALS",Surge/Hydraulic,6*3,,SDG40,,,,,,NEED MTS#,NEED MTS#,NEED MTS#,NEED SO#,SAMPLE,SAMPLE CUSTOMER,"SAMPLE LOCATION",,,,,,,Not Booked,NEED CUSTOMER,NEED LOCATION,,,,,,,May-26,NOT SHIPPED,NOT SHIPPED,YES,,,,,,,2.5,,,,
WEEK 1,5/7/2026,HENDERSON,1,BOSS70-40 Hybrid,BOSS70-012UR,BOSS70-A007,1,Planning,,"3"" RH BH BW CCV HFF EH OES TELE DECALS",Surge/Hydraulic,6*3,,SDG40,,,,,,NEED MTS#,NEED MTS#,NEED MTS#,NEED SO#,NEED PO#,SAMPLE CUSTOMER,NEED LOCATION,,,,,,,Not Booked,NEED CUSTOMER,NEED LOCATION,,,,,,,May-26,NOT SHIPPED,NOT SHIPPED,YES,,,,,,,2.5,,,,
WEEK 1,5/7/2026,HENDERSON,1,BOSS70-40 Hybrid,BOSS70-012UR,BOSS70-A007,1,Planning,,"3"" RH BH BW CCV HFF EH OES TELE DECALS",Surge/Hydraulic,6*3,,SDG40,,,,,,NEED MTS#,NEED MTS#,NEED MTS#,NEED SO#,NEED PO#,SAMPLE CUSTOMER,NEED LOCATION,,,,,,,Not Booked,NEED CUSTOMER,NEED LOCATION,,,,,,,May-26,NOT SHIPPED,NOT SHIPPED,YES,,,,,,,2.5,,,,
WEEK 1,5/7/2026,HENDERSON,1,BOSS70-40 Hybrid,BOSS70-012UR,BOSS70-A007,1,Planning,,"3"" RH BH BW CCV HFF EH OES TELE DECALS",Surge/Hydraulic,6*3,,SDG40,,,,,,NEED MTS#,NEED MTS#,NEED MTS#,NEED SO#,NEED PO#,SAMPLE CUSTOMER,NEED LOCATION,,,,,,,Not Booked,NEED CUSTOMER,NEED LOCATION,,,,,,,May-26,NOT SHIPPED,NOT SHIPPED,YES,,,,,,,2.5,,,,
WEEK 1,5/7/2026,HENDERSON,1,BOSS70-40 Hybrid,BOSS70-012UR,BOSS70-A007,1,Planning,,"3"" RH BH BW CCV HFF EH OES TELE DECALS",Surge/Hydraulic,6*3,,SDG40,,,,,,NEED MTS#,NEED MTS#,NEED MTS#,NEED SO#,NEED PO#,SAMPLE CUSTOMER,NEED LOCATION,,,,,,,Not Booked,NEED CUSTOMER,NEED LOCATION,,,,,,,May-26,NOT SHIPPED,NOT SHIPPED,YES,,,,,,,2.5,,,,
WEEK 1,5/8/2026,HENDERSON,1,BOSS70-40 Hybrid,BOSS70-012UR,BOSS70-A007,1,Planning,,"3"" RH BH BW CCV HFF EH OES TELE DECALS",Surge/Hydraulic,6*3,,SDG40,,,,,,NEED MTS#,NEED MTS#,NEED MTS#,NEED SO#,NEED PO#,SAMPLE CUSTOMER,NEED LOCATION,,,,,,,Not Booked,NEED CUSTOMER,NEED LOCATION,,,,,,,May-26,NOT SHIPPED,NOT SHIPPED,YES,,,,,,,2.5,,,,
WEEK 1,5/8/2026,HENDERSON,1,BOSS70-40 Hybrid,BOSS70-012UR,BOSS70-A007,1,Planning,,"3"" RH BH BW CCV HFF EH OES TELE DECALS",Surge/Hydraulic,6*3,,SDG40,,,,,,NEED MTS#,NEED MTS#,NEED MTS#,NEED SO#,NEED PO#,SAMPLE CUSTOMER,NEED LOCATION,,,,,,,Not Booked,NEED CUSTOMER,NEED LOCATION,,,,,,,May-26,NOT SHIPPED,NOT SHIPPED,YES,,,,,,,2.5,,,,
WEEK 1,5/8/2026,HENDERSON,1,BOSS70-40 Hybrid,BOSS70-012UR,BOSS70-A007,1,Planning,,"3"" RH BH BW CCV HFF EH OES TELE DECALS",Surge/Hydraulic,6*3,,SDG40,,,,,,NEED MTS#,NEED MTS#,NEED MTS#,NEED SO#,NEED PO#,SAMPLE CUSTOMER,NEED LOCATION,,,,,,,Not Booked,NEED CUSTOMER,NEED LOCATION,,,,,,,May-26,NOT SHIPPED,NOT SHIPPED,YES,,,,,,,2.5,,,,
,,HENDERSON,1,BOSS70-40 Hybrid,BOSS70-012UR,BOSS70-A007,1,In Queue,,"3"" RH BH BW CCV HFF EH OES TELE DECALS",Surge/Hydraulic,6*3,,SDG40,,,,,,NEED MTS#,NEED MTS#,NEED MTS#,NEED SO#,NEED PO#,SAMPLE CUSTOMER,NEED LOCATION,,,,,,,Not Booked,NEED CUSTOMER,NEED LOCATION,,,,,,,May-26,NOT SHIPPED,NOT SHIPPED,YES,,,,,,,2.5,,,,
,,HENDERSON,1,BOSS70-40 Hybrid,BOSS70-012UR,BOSS70-A007,1,In Queue,,"3"" RH BH BW CCV HFF EH OES TELE DECALS",Surge/Hydraulic,6*3,,SDG40,,,,,,NEED MTS#,NEED MTS#,NEED MTS#,NEED SO#,NEED PO#,SAMPLE CUSTOMER,NEED LOCATION,,,,,,,Not Booked,NEED CUSTOMER,NEED LOCATION,,,,,,,May-26,NOT SHIPPED,NOT SHIPPED,YES,,,,,,,2.5,,,,
,,HENDERSON,1,BOSS70-40 Hybrid,BOSS70-012UR,BOSS70-A007,1,In Queue,,"3"" RH BH BW CCV HFF EH OES TELE DECALS",Surge/Hydraulic,6*3,,SDG40,,,,,,NEED MTS#,NEED MTS#,NEED MTS#,NEED SO#,NEED PO#,SAMPLE CUSTOMER,NEED LOCATION,,,,,,,Not Booked,NEED CUSTOMER,NEED LOCATION,,,,,,,May-26,NOT SHIPPED,NOT SHIPPED,YES,,,,,,,2.5,,,,
,,HENDERSON,1,BOSS70-40 Hybrid,BOSS70-012UR,BOSS70-A007,1,In Queue,,"3"" RH BH BW CCV HFF EH OES TELE DECALS",Surge/Hydraulic,6*3,,SDG40,,,,,,NEED MTS#,NEED MTS#,NEED MTS#,NEED SO#,NEED PO#,SAMPLE CUSTOMER,NEED LOCATION,,,,,,,Not Booked,NEED CUSTOMER,NEED LOCATION,,,,,,,May-26,NOT SHIPPED,NOT SHIPPED,YES,,,,,,,2.5,,,,
,,HENDERSON,1,BOSS70-40 Hybrid,BOSS70-012UR,BOSS70-A007,1,In Queue,,"3"" RH BH BW CCV HFF EH OES TELE DECALS",Surge/Hydraulic,6*3,,SDG40,,,,,,NEED MTS#,NEED MTS#,NEED MTS#,NEED SO#,NEED PO#,SAMPLE CUSTOMER,NEED LOCATION,,,,,,,Not Booked,NEED CUSTOMER,NEED LOCATION,,,,,,,May-26,NOT SHIPPED,NOT SHIPPED,YES,,,,,,,2.5,,,,
,,HENDERSON,1,BOSS70-40 Hybrid,BOSS70-012UR,BOSS70-A007,1,In Queue,,"3"" RH BH BW CCV HFF EH OES TELE DECALS",Surge/Hydraulic,6*3,,SDG40,,,,,,NEED MTS#,NEED MTS#,NEED MTS#,NEED SO#,NEED PO#,SAMPLE CUSTOMER,NEED LOCATION,,,,,,,Not Booked,NEED CUSTOMER,NEED LOCATION,,,,,,,May-26,NOT SHIPPED,NOT SHIPPED,YES,,,,,,,2.5,,,,
,,HENDERSON,1,BOSS70-40 Hybrid,BOSS70-012UR,BOSS70-A007,1,In Queue,,"3"" RH BH BW CCV HFF EH OES TELE DECALS",Surge/Hydraulic,6*3,,SDG40,,,,,,NEED MTS#,NEED MTS#,NEED MTS#,NEED SO#,NEED PO#,SAMPLE CUSTOMER,NEED LOCATION,,,,,,,Not Booked,NEED CUSTOMER,NEED LOCATION,,,,,,,May-26,NOT SHIPPED,NOT SHIPPED,YES,,,,,,,2.5,,,,
,,HENDERSON,1,BOSS70-40 Hybrid,BOSS70-012UR,BOSS70-A007,1,In Queue,,"3"" RH BH BW CCV HFF EH OES TELE DECALS",Surge/Hydraulic,6*3,,SDG40,,,,,,NEED MTS#,NEED MTS#,NEED MTS#,NEED SO#,NEED PO#,SAMPLE CUSTOMER,NEED LOCATION,,,,,,,Not Booked,NEED CUSTOMER,NEED LOCATION,,,,,,,May-26,NOT SHIPPED,NOT SHIPPED,YES,,,,,,,2.5,,,,
,,HENDERSON,1,BOSS70-40 Hybrid,BOSS70-012UR,BOSS70-A007,1,In Queue,,"3"" RH BH BW CCV HFF EH OES TELE DECALS",Surge/Hydraulic,6*3,,SDG40,,,,,,NEED MTS#,NEED MTS#,NEED MTS#,NEED SO#,NEED PO#,SAMPLE CUSTOMER,NEED LOCATION,,,,,,,Not Booked,NEED CUSTOMER,NEED LOCATION,,,,,,,May-26,NOT SHIPPED,NOT SHIPPED,YES,,,,,,,2.5,,,,
,,HENDERSON,1,BOSS70-40 Hybrid,BOSS70-012UR,BOSS70-A007,1,In Queue,,"3"" RH BH BW CCV HFF EH OES TELE DECALS",Surge/Hydraulic,6*3,,SDG40,,,,,,NEED MTS#,NEED MTS#,NEED MTS#,NEED SO#,NEED PO#,SAMPLE CUSTOMER,NEED LOCATION,,,,,,,Not Booked,NEED CUSTOMER,NEED LOCATION,,,,,,,May-26,NOT SHIPPED,NOT SHIPPED,YES,,,,,,,2.5,,,,
,,HENDERSON,1,BOSS70-40 Hybrid,BOSS70-012UR,BOSS70-A007,1,In Queue,,"3"" RH BH BW CCV HFF EH OES TELE DECALS",Surge/Hydraulic,6*3,,SDG40,,,,,,NEED MTS#,NEED MTS#,NEED MTS#,NEED SO#,NEED PO#,SAMPLE CUSTOMER,NEED LOCATION,,,,,,,Not Booked,NEED CUSTOMER,NEED LOCATION,,,,,,,May-26,NOT SHIPPED,NOT SHIPPED,YES,,,,,,,2.5,,,,
,,HENDERSON,1,BOSS70-40 Hybrid,BOSS70-012UR,BOSS70-A007,1,In Queue,,"3"" RH BH BW CCV HFF EH OES TELE DECALS",Surge/Hydraulic,6*3,,SDG40,,,,,,NEED MTS#,NEED MTS#,NEED MTS#,NEED SO#,NEED PO#,SAMPLE CUSTOMER,NEED LOCATION,,,,,,,Not Booked,NEED CUSTOMER,NEED LOCATION,,,,,,,May-26,NOT SHIPPED,NOT SHIPPED,YES,,,,,,,2.5,,,,
,,HENDERSON,1,BOSS70-40 Hybrid,BOSS70-012UR,BOSS70-A007,1,In Queue,,"3"" RH BH BW CCV HFF EH OES TELE DECALS",Surge/Hydraulic,6*3,,SDG40,,,,,,NEED MTS#,NEED MTS#,NEED MTS#,NEED SO#,NEED PO#,SAMPLE CUSTOMER,NEED LOCATION,,,,,,,Not Booked,NEED CUSTOMER,NEED LOCATION,,,,,,,May-26,NOT SHIPPED,NOT SHIPPED,YES,,,,,,,2.5,,,,
,,HENDERSON,1,BOSS70-40 Hybrid,BOSS70-012UR,BOSS70-A007,1,In Queue,,"3"" RH BH BW CCV HFF EH OES TELE DECALS",Surge/Hydraulic,6*3,,SDG40,,,,,,NEED MTS#,NEED MTS#,NEED MTS#,NEED SO#,NEED PO#,SAMPLE CUSTOMER,NEED LOCATION,,,,,,,Not Booked,NEED CUSTOMER,NEED LOCATION,,,,,,,May-26,NOT SHIPPED,NOT SHIPPED,YES,,,,,,,2.5,,,,
,,HENDERSON,1,BOSS70-40 Hybrid,BOSS70-012UR,BOSS70-A007,1,In Queue,,"3"" RH BH BW CCV HFF EH OES TELE DECALS",Surge/Hydraulic,6*3,,SDG40,,,,,,NEED MTS#,NEED MTS#,NEED MTS#,NEED SO#,NEED PO#,SAMPLE CUSTOMER,NEED LOCATION,,,,,,,Not Booked,NEED CUSTOMER,NEED LOCATION,,,,,,,May-26,NOT SHIPPED,NOT SHIPPED,YES,,,,,,,2.5,,,,
BOSS70-65 HYBRIDS,,,,,,,,,,,,,,,,,,,,,,,,,,,,,,,,,,,,,,,,,,,,,,,,,,,,,,,,
WEEK 1,5/1/2026,Henderson,1,BOSS70-65 Hybrid,BOSS70-017ES,BOSS70-A012,1,AO Released,MOVED FROM APRIL,"3""RH EBH, CCV, EH, OES, TELT3, DECALS",Electrical,6*66,SAMPLE,,,,,,,NEED MTS#,NEED MTS#,NEED MTS#,SAMPLE,SAMPLE,SAMPLE CUSTOMER,"SAMPLE LOCATION",DH,,,,,,Not Booked,SAMPLE CUSTOMER,"SAMPLE LOCATION",,,,,,,26-Apr,NEED SN/QA,NEED SN/QA,Yes,,,,,National,,2.5,,,,
WEEK 1,5/1/2026,Henderson,1,BOSS70-65 Hybrid,BOSS70-017ES,BOSS70-A012,1,AO Released,MOVED FROM APRIL,"3""RH EBH, CCV, EH, OES, TELT3, DECALS",Electrical,6*66,SAMPLE,,,,,,,NEED MTS#,NEED MTS#,NEED MTS#,SAMPLE,SAMPLE,SAMPLE CUSTOMER,"SAMPLE LOCATION",DH,,,,,,Not Booked,SAMPLE CUSTOMER,"SAMPLE LOCATION",,,,,,,26-Apr,NEED SN/QA,NEED SN/QA,Yes,,,,,National,,2.5,,,,
WEEK 1,5/1/2026,Henderson,1,BOSS70-65 Hybrid,BOSS70-017ES,BOSS70-A012,1,AO Released,MOVED FROM APRIL,"3""RH EBH, CCV, EH, OES, TELT3, DECALS",Electrical,6*66,SAMPLE,,,,,,,NEED MTS#,NEED MTS#,NEED MTS#,SAMPLE,SAMPLE,SAMPLE CUSTOMER,"SAMPLE LOCATION",DH,,,,,,Not Booked,SAMPLE CUSTOMER,"SAMPLE LOCATION",,,,,,,26-Apr,NEED SN/QA,NEED SN/QA,Yes,,,,,National,,2.5,,,,
WEEK 1,5/1/2026,Henderson,1,BOSS70-65 Hybrid,BOSS70-017ES,BOSS70-A012,1,AO Released,MOVED FROM APRIL,"3""RH EBH, CCV, EH, OES, TELT3, DECALS",Electrical,6*66,SAMPLE,,,,,,,NEED MTS#,NEED MTS#,NEED MTS#,SAMPLE,SAMPLE,SAMPLE CUSTOMER,"SAMPLE LOCATION",DH,,,,,,Not Booked,SAMPLE CUSTOMER,"SAMPLE LOCATION",,,,,,,26-Apr,NEED SN/QA,NEED SN/QA,Yes,,,,,National,,2.5,,,,
WEEK 1,5/1/2026,Henderson,1,BOSS70-65 Hybrid,BOSS70-017ES,BOSS70-A012,1,AO Released,MOVED FROM APRIL,"3""RH EBH, CCV, EH, OES, TELT3, DECALS",Electrical,6*66,SAMPLE,,,,,,,NEED MTS#,NEED MTS#,NEED MTS#,SAMPLE,SAMPLE,SAMPLE CUSTOMER,"SAMPLE LOCATION",DH,,,,,,Not Booked,SAMPLE CUSTOMER,"SAMPLE LOCATION",,,,,,,26-Apr,NEED SN/QA,NEED SN/QA,Yes,,,,,National,,2.5,,,,
WEEK 1,5/1/2026,Henderson,1,BOSS70-65 Hybrid,BOSS70-017ES,BOSS70-A012,1,AO Released,MOVED FROM APRIL,"3""RH EBH, CCV, EH, OES, TELT3, DECALS",Electrical,6*66,SAMPLE,,,,,,,NEED MTS#,NEED MTS#,NEED MTS#,SAMPLE,SAMPLE,SAMPLE CUSTOMER,"SAMPLE LOCATION",DH,,,,,,Not Booked,SAMPLE CUSTOMER,"SAMPLE LOCATION",,,,,,,26-Apr,NEED SN/QA,NEED SN/QA,Yes,,,,,National,,2.5,,,,
,,Henderson,1,BOSS70-65 Hybrid,BOSS70-017ES,BOSS70-A012,1,In Queue,,"3""RH EBH, CCV, EH, OES, TELT3, DECALS",Electrical,6*66,,SDG65,,,,,,NEED MTS#,NEED MTS#,NEED MTS#,NEED SO#,NEED PO#,SAMPLE CUSTOMER,NEED LOCATION,,,,,,,Not Booked,NEED CUSTOMER,NEED LOCATION,,,,,,,May-26,NOT SHIPPED,NOT SHIPPED,YES,,,,,,,2.5,,,,
,,Henderson,1,BOSS70-65 Hybrid,BOSS70-017ES,BOSS70-A012,1,In Queue,,"3""RH EBH, CCV, EH, OES, TELT3, DECALS",Electrical,6*66,,SDG65,,,,,,NEED MTS#,NEED MTS#,NEED MTS#,NEED SO#,NEED PO#,SAMPLE CUSTOMER,NEED LOCATION,,,,,,,Not Booked,NEED CUSTOMER,NEED LOCATION,,,,,,,May-26,NOT SHIPPED,NOT SHIPPED,YES,,,,,,,2.5,,,,
,,Henderson,1,BOSS70-65 Hybrid,BOSS70-017ES,BOSS70-A012,1,In Queue,,"3""RH EBH, CCV, EH, OES, TELT3, DECALS",Electrical,6*66,,SDG65,,,,,,NEED MTS#,NEED MTS#,NEED MTS#,NEED SO#,NEED PO#,SAMPLE CUSTOMER,NEED LOCATION,,,,,,,Not Booked,NEED CUSTOMER,NEED LOCATION,,,,,,,May-26,NOT SHIPPED,NOT SHIPPED,YES,,,,,,,2.5,,,,
,,Henderson,1,BOSS70-65 Hybrid,BOSS70-017ES,BOSS70-A012,1,In Queue,,"3""RH EBH, CCV, EH, OES, TELT3, DECALS",Electrical,6*66,,SDG65,,,,,,NEED MTS#,NEED MTS#,NEED MTS#,NEED SO#,NEED PO#,SAMPLE CUSTOMER,NEED LOCATION,,,,,,,Not Booked,NEED CUSTOMER,NEED LOCATION,,,,,,,May-26,NOT SHIPPED,NOT SHIPPED,YES,,,,,,,2.5,,,,
,,Henderson,1,BOSS70-65 Hybrid,BOSS70-017ES,BOSS70-A012,1,In Queue,,"3""RH EBH, CCV, EH, OES, TELT3, DECALS",Electrical,6*66,,SDG65,,,,,,NEED MTS#,NEED MTS#,NEED MTS#,NEED SO#,NEED PO#,SAMPLE CUSTOMER,NEED LOCATION,,,,,,,Not Booked,NEED CUSTOMER,NEED LOCATION,,,,,,,May-26,NOT SHIPPED,NOT SHIPPED,YES,,,,,,,2.5,,,,
,,Henderson,1,BOSS70-65 Hybrid,BOSS70-017ES,BOSS70-A012,1,In Queue,,"3""RH EBH, CCV, EH, OES, TELT3, DECALS",Electrical,6*66,,SDG65,,,,,,NEED MTS#,NEED MTS#,NEED MTS#,NEED SO#,NEED PO#,SAMPLE CUSTOMER,NEED LOCATION,,,,,,,Not Booked,NEED CUSTOMER,NEED LOCATION,,,,,,,May-26,NOT SHIPPED,NOT SHIPPED,YES,,,,,,,2.5,,,,
,,Henderson,1,BOSS70-65 Hybrid,BOSS70-017ES,BOSS70-A012,1,In Queue,,"3""RH EBH, CCV, EH, OES, TELT3, DECALS",Electrical,6*66,,SDG65,,,,,,NEED MTS#,NEED MTS#,NEED MTS#,NEED SO#,NEED PO#,SAMPLE CUSTOMER,NEED LOCATION,,,,,,,Not Booked,NEED CUSTOMER,NEED LOCATION,,,,,,,May-26,NOT SHIPPED,NOT SHIPPED,YES,,,,,,,2.5,,,,
,,Henderson,1,BOSS70-65 Hybrid,BOSS70-017ES,BOSS70-A012,1,In Queue,,"3""RH EBH, CCV, EH, OES, TELT3, DECALS",Electrical,6*66,,SDG65,,,,,,NEED MTS#,NEED MTS#,NEED MTS#,NEED SO#,NEED PO#,SAMPLE CUSTOMER,NEED LOCATION,,,,,,,Not Booked,NEED CUSTOMER,NEED LOCATION,,,,,,,May-26,NOT SHIPPED,NOT SHIPPED,YES,,,,,,,2.5,,,,
,,Henderson,1,BOSS70-65 Hybrid,BOSS70-017ES,BOSS70-A012,1,In Queue,,"3""RH EBH, CCV, EH, OES, TELT3, DECALS",Electrical,6*66,,SDG65,,,,,,NEED MTS#,NEED MTS#,NEED MTS#,NEED SO#,NEED PO#,SAMPLE CUSTOMER,NEED LOCATION,,,,,,,Not Booked,NEED CUSTOMER,NEED LOCATION,,,,,,,May-26,NOT SHIPPED,NOT SHIPPED,YES,,,,,,,2.5,,,,
,,Henderson,1,BOSS70-65 Hybrid,BOSS70-017ES,BOSS70-A012,1,In Queue,,"3""RH EBH, CCV, EH, OES, TELT3, DECALS",Electrical,6*66,,SDG65,,,,,,NEED MTS#,NEED MTS#,NEED MTS#,NEED SO#,NEED PO#,SAMPLE CUSTOMER,NEED LOCATION,,,,,,,Not Booked,NEED CUSTOMER,NEED LOCATION,,,,,,,May-26,NOT SHIPPED,NOT SHIPPED,YES,,,,,,,2.5,,,,
,,Henderson,1,BOSS70-65 Hybrid,BOSS70-017ES,BOSS70-A012,1,In Queue,,"3""RH EBH, CCV, EH, OES, TELT3, DECALS",Electrical,6*66,,SDG65,,,,,,NEED MTS#,NEED MTS#,NEED MTS#,NEED SO#,NEED PO#,SAMPLE CUSTOMER,NEED LOCATION,,,,,,,Not Booked,NEED CUSTOMER,NEED LOCATION,,,,,,,May-26,NOT SHIPPED,NOT SHIPPED,YES,,,,,,,2.5,,,,
,,Henderson,1,BOSS70-65 Hybrid,BOSS70-017ES,BOSS70-A012,1,In Queue,,"3""RH EBH, CCV, EH, OES, TELT3, DECALS",Electrical,6*66,,SDG65,,,,,,NEED MTS#,NEED MTS#,NEED MTS#,NEED SO#,NEED PO#,SAMPLE CUSTOMER,NEED LOCATION,,,,,,,Not Booked,NEED CUSTOMER,NEED LOCATION,,,,,,,May-26,NOT SHIPPED,NOT SHIPPED,YES,,,,,,,2.5,,,,
,,Henderson,1,BOSS70-65 Hybrid,BOSS70-017ES,BOSS70-A012,1,In Queue,,"3""RH EBH, CCV, EH, OES, TELT3, DECALS",Electrical,6*66,,SDG65,,,,,,NEED MTS#,NEED MTS#,NEED MTS#,NEED SO#,NEED PO#,SAMPLE CUSTOMER,NEED LOCATION,,,,,,,Not Booked,NEED CUSTOMER,NEED LOCATION,,,,,,,May-26,NOT SHIPPED,NOT SHIPPED,YES,,,,,,,2.5,,,,
,,Henderson,1,BOSS70-65 Hybrid,BOSS70-017ES,BOSS70-A012,1,In Queue,,"3""RH EBH, CCV, EH, OES, TELT3, DECALS",Electrical,6*66,,SDG65,,,,,,NEED MTS#,NEED MTS#,NEED MTS#,NEED SO#,NEED PO#,SAMPLE CUSTOMER,NEED LOCATION,,,,,,,Not Booked,NEED CUSTOMER,NEED LOCATION,,,,,,,May-26,NOT SHIPPED,NOT SHIPPED,YES,,,,,,,2.5,,,,
,,Henderson,1,BOSS70-65 Hybrid,BOSS70-017ES,BOSS70-A012,1,In Queue,,"3""RH EBH, CCV, EH, OES, TELT3, DECALS",Electrical,6*66,,SDG65,,,,,,NEED MTS#,NEED MTS#,NEED MTS#,NEED SO#,NEED PO#,SAMPLE CUSTOMER,NEED LOCATION,,,,,,,Not Booked,NEED CUSTOMER,NEED LOCATION,,,,,,,May-26,NOT SHIPPED,NOT SHIPPED,YES,,,,,,,2.5,,,,
,,Henderson,1,BOSS70-65 Hybrid,BOSS70-017ES,BOSS70-A012,1,In Queue,,"3""RH EBH, CCV, EH, OES, TELT3, DECALS",Electrical,6*66,,SDG65,,,,,,NEED MTS#,NEED MTS#,NEED MTS#,NEED SO#,NEED PO#,SAMPLE CUSTOMER,NEED LOCATION,,,,,,,Not Booked,NEED CUSTOMER,NEED LOCATION,,,,,,,May-26,NOT SHIPPED,NOT SHIPPED,YES,,,,,,,2.5,,,,
,,Henderson,1,BOSS70-65 Hybrid,BOSS70-017ES,BOSS70-A012,1,In Queue,,"3""RH EBH, CCV, EH, OES, TELT3, DECALS",Electrical,6*66,,SDG65,,,,,,NEED MTS#,NEED MTS#,NEED MTS#,NEED SO#,NEED PO#,SAMPLE CUSTOMER,NEED LOCATION,,,,,,,Not Booked,NEED CUSTOMER,NEED LOCATION,,,,,,,May-26,NOT SHIPPED,NOT SHIPPED,YES,,,,,,,2.5,,,,
,,Henderson,1,BOSS70-65 Hybrid,BOSS70-017ES,BOSS70-A012,1,In Queue,,"3""RH EBH, CCV, EH, OES, TELT3, DECALS",Electrical,6*66,,SDG65,,,,,,NEED MTS#,NEED MTS#,NEED MTS#,NEED SO#,NEED PO#,SAMPLE CUSTOMER,NEED LOCATION,,,,,,,Not Booked,NEED CUSTOMER,NEED LOCATION,,,,,,,May-26,NOT SHIPPED,NOT SHIPPED,YES,,,,,,,2.5,,,,
,,Henderson,1,BOSS70-65 Hybrid,BOSS70-017ES,BOSS70-A012,1,In Queue,,"3""RH EBH, CCV, EH, OES, TELT3, DECALS",Electrical,6*66,,SDG65,,,,,,NEED MTS#,NEED MTS#,NEED MTS#,NEED SO#,NEED PO#,SAMPLE CUSTOMER,NEED LOCATION,,,,,,,Not Booked,NEED CUSTOMER,NEED LOCATION,,,,,,,May-26,NOT SHIPPED,NOT SHIPPED,YES,,,,,,,2.5,,,,
,,Henderson,1,BOSS70-65 Hybrid,BOSS70-017ES,BOSS70-A012,1,In Queue,,"3""RH EBH, CCV, EH, OES, TELT3, DECALS",Electrical,6*66,,SDG65,,,,,,NEED MTS#,NEED MTS#,NEED MTS#,NEED SO#,NEED PO#,SAMPLE CUSTOMER,NEED LOCATION,,,,,,,Not Booked,NEED CUSTOMER,NEED LOCATION,,,,,,,May-26,NOT SHIPPED,NOT SHIPPED,YES,,,,,,,2.5,,,,
,,Henderson,1,BOSS70-65 Hybrid,BOSS70-017ES,BOSS70-A012,1,In Queue,,"3""RH EBH, CCV, EH, OES, TELT3, DECALS",Electrical,6*66,,SDG65,,,,,,NEED MTS#,NEED MTS#,NEED MTS#,NEED SO#,NEED PO#,SAMPLE CUSTOMER,NEED LOCATION,,,,,,,Not Booked,NEED CUSTOMER,NEED LOCATION,,,,,,,May-26,NOT SHIPPED,NOT SHIPPED,YES,,,,,,,2.5,,,,
,,Henderson,1,BOSS70-65 Hybrid,BOSS70-017ES,BOSS70-A012,1,In Queue,,"3""RH EBH, CCV, EH, OES, TELT3, DECALS",Electrical,6*66,,SDG65,,,,,,NEED MTS#,NEED MTS#,NEED MTS#,NEED SO#,NEED PO#,SAMPLE CUSTOMER,NEED LOCATION,,,,,,,Not Booked,NEED CUSTOMER,NEED LOCATION,,,,,,,May-26,NOT SHIPPED,NOT SHIPPED,YES,,,,,,,2.5,,,,
,,Henderson,1,BOSS70-65 Hybrid,BOSS70-017ES,BOSS70-A012,1,In Queue,,"3""RH EBH, CCV, EH, OES, TELT3, DECALS",Electrical,6*66,,SDG65,,,,,,NEED MTS#,NEED MTS#,NEED MTS#,NEED SO#,NEED PO#,SAMPLE CUSTOMER,NEED LOCATION,,,,,,,Not Booked,NEED CUSTOMER,NEED LOCATION,,,,,,,May-26,NOT SHIPPED,NOT SHIPPED,YES,,,,,,,2.5,,,,
,,Henderson,1,BOSS70-65 Hybrid,BOSS70-017ES,BOSS70-A012,1,In Queue,,"3""RH EBH, CCV, EH, OES, TELT3, DECALS",Electrical,6*66,,SDG65,,,,,,NEED MTS#,NEED MTS#,NEED MTS#,NEED SO#,NEED PO#,SAMPLE CUSTOMER,NEED LOCATION,,,,,,,Not Booked,NEED CUSTOMER,NEED LOCATION,,,,,,,May-26,NOT SHIPPED,NOT SHIPPED,YES,,,,,,,2.5,,,,
,,Henderson,1,BOSS70-65 Hybrid,BOSS70-017ES,BOSS70-A012,1,In Queue,,"3""RH EBH, CCV, EH, OES, TELT3, DECALS",Electrical,6*66,,SDG65,,,,,,NEED MTS#,NEED MTS#,NEED MTS#,NEED SO#,NEED PO#,SAMPLE CUSTOMER,NEED LOCATION,,,,,,,Not Booked,NEED CUSTOMER,NEED LOCATION,,,,,,,May-26,NOT SHIPPED,NOT SHIPPED,YES,,,,,,,2.5,,,,
,,Henderson,1,BOSS70-65 Hybrid,BOSS70-017ES,BOSS70-A012,1,In Queue,,"3""RH EBH, CCV, EH, OES, TELT3, DECALS",Electrical,6*66,,SDG65,,,,,,NEED MTS#,NEED MTS#,NEED MTS#,NEED SO#,NEED PO#,SAMPLE CUSTOMER,NEED LOCATION,,,,,,,Not Booked,NEED CUSTOMER,NEED LOCATION,,,,,,,May-26,NOT SHIPPED,NOT SHIPPED,YES,,,,,,,2.5,,,,
,,Henderson,1,BOSS70-65 Hybrid,BOSS70-017ES,BOSS70-A012,1,In Queue,,"3""RH EBH, CCV, EH, OES, TELT3, DECALS",Electrical,6*66,,SDG65,,,,,,NEED MTS#,NEED MTS#,NEED MTS#,NEED SO#,NEED PO#,SAMPLE CUSTOMER,NEED LOCATION,,,,,,,Not Booked,NEED CUSTOMER,NEED LOCATION,,,,,,,May-26,NOT SHIPPED,NOT SHIPPED,YES,,,,,,,2.5,,,,
,,Henderson,1,BOSS70-65 Hybrid,BOSS70-017ES,BOSS70-A012,1,In Queue,,"3""RH EBH, CCV, EH, OES, TELT3, DECALS",Electrical,6*66,,SDG65,,,,,,NEED MTS#,NEED MTS#,NEED MTS#,NEED SO#,NEED PO#,SAMPLE CUSTOMER,NEED LOCATION,,,,,,,Not Booked,NEED CUSTOMER,NEED LOCATION,,,,,,,May-26,NOT SHIPPED,NOT SHIPPED,YES,,,,,,,2.5,,,,
BOSS70-45 HYBRIDS,,,,,,,,,,,,,,,,,,,,,,,,,,,,,,,,,,,,,,,,,,,,,,,,,,,,,,,,
,,Henderson,1,BOSS70-45 Hybrid,BOSS70-019,BOSS70-A018,1,In Queue,,BHW CCV EBH EH HFF 190G EXT FT,Electrical,6*113,,SDG45,,,,,,NEED MTS#,NEED MTS#,NEED MTS#,NEED SO#,NEED PO#,SAMPLE CUSTOMER,NEED LOCATION,,,,,,,Not Booked,NEED CUSTOMER,NEED LOCATION,,,,,,,May-26,NOT SHIPPED,NOT SHIPPED,YES,,,,,,,3,,,,
,,Henderson,1,BOSS70-45 Hybrid,BOSS70-019,BOSS70-A018,1,In Queue,,BHW CCV EBH EH HFF 190G EXT FT,Electrical,6*113,,SDG45,,,,,,NEED MTS#,NEED MTS#,NEED MTS#,NEED SO#,NEED PO#,SAMPLE CUSTOMER,NEED LOCATION,,,,,,,Not Booked,NEED CUSTOMER,NEED LOCATION,,,,,,,May-26,NOT SHIPPED,NOT SHIPPED,YES,,,,,,,3,,,,
,,Henderson,1,BOSS70-45 Hybrid,BOSS70-019,BOSS70-A018,1,In Queue,,BHW CCV EBH EH HFF 190G EXT FT,Electrical,6*113,,SDG45,,,,,,NEED MTS#,NEED MTS#,NEED MTS#,NEED SO#,NEED PO#,SAMPLE CUSTOMER,NEED LOCATION,,,,,,,Not Booked,NEED CUSTOMER,NEED LOCATION,,,,,,,May-26,NOT SHIPPED,NOT SHIPPED,YES,,,,,,,3,,,,
,,Henderson,1,BOSS70-45 Hybrid,BOSS70-019,BOSS70-A018,1,In Queue,,BHW CCV EBH EH HFF 190G EXT FT,Electrical,6*113,,SDG45,,,,,,NEED MTS#,NEED MTS#,NEED MTS#,NEED SO#,NEED PO#,SAMPLE CUSTOMER,NEED LOCATION,,,,,,,Not Booked,NEED CUSTOMER,NEED LOCATION,,,,,,,May-26,NOT SHIPPED,NOT SHIPPED,YES,,,,,,,3,,,,
,,Henderson,1,BOSS70-45 Hybrid,BOSS70-019,BOSS70-A018,1,In Queue,,BHW CCV EBH EH HFF 190G EXT FT,Electrical,6*113,,SDG45,,,,,,NEED MTS#,NEED MTS#,NEED MTS#,NEED SO#,NEED PO#,SAMPLE CUSTOMER,NEED LOCATION,,,,,,,Not Booked,NEED CUSTOMER,NEED LOCATION,,,,,,,May-26,NOT SHIPPED,NOT SHIPPED,YES,,,,,,,3,,,,
,,Henderson,1,BOSS70-45 Hybrid,BOSS70-001HRC,BOSS70HS-A001,1,AO Released,MOVED FROM APRIL,"2"" BH, EH, DECALS",Surge/Hydraulic,6*3,SAMPLE,SDG45,,,,,,SAMPLE,SAMPLE,SAMPLE,SAMPLE,SAMPLE,SAMPLE CUSTOMER,"SAMPLE LOCATION",JV,,,,,,Not Booked,SAMPLE CUSTOMER,"SAMPLE LOCATION",,,,,,,May-26,NEED SN/QA,NEED SN/QA,Yes,,0,0,0,,,1,,,,
,,Henderson,1,BOSS70-45 Hybrid,BOSS70-001HRC,BOSS70HS-A001,1,AO Released,MOVED FROM APRIL,"2"" BH, EH, DECALS",Surge/Hydraulic,6*3,SAMPLE,SDG45,,,,,,SAMPLE,SAMPLE,SAMPLE,SAMPLE,SAMPLE,SAMPLE CUSTOMER,"SAMPLE LOCATION",JV,,,,,,Not Booked,SAMPLE CUSTOMER,"SAMPLE LOCATION",,,,,,,May-26,NEED SN/QA,NEED SN/QA,Yes,,0,0,0,,,1,,,,
,,Henderson,1,BOSS70-45 Hybrid,BOSS70-001HRC,BOSS70HS-A001,1,AO Released,MOVED FROM APRIL,"2"" BH, EH, DECALS",Surge/Hydraulic,6*3,SAMPLE,SDG45,,,,,,SAMPLE,SAMPLE,SAMPLE,SAMPLE,SAMPLE,SAMPLE CUSTOMER,"SAMPLE LOCATION",JV,,,,,,Not Booked,SAMPLE CUSTOMER,"SAMPLE LOCATION",,,,,,,May-26,NEED SN/QA,NEED SN/QA,Yes,,0,0,0,,,1,,,,
BOSS70 POWER MODULES,,,,,,,,,,,,,,,,,,,,,,,,,,,,,,,,,,,,,,,,,,,,,,,,,,,,,,,,
WEEK 1,5/1/2026,Henderson,1,BOSS70 PM,BOSS70HS-001,BOSS70HS-A001,1,Planning,,NA,N/A,NA,,NA,,,,,,NEED MTS#,NEED MTS#,NEED MTS#,SAMPLE,NEED PO#,SAMPLE CUSTOMER,NEED LOCATION,,,,,,,Not Booked,NEED CUSTOMER,NEED LOCATION,,,,,,,May-26,NOT SHIPPED,NOT SHIPPED,YES,,,,,,,0.5,,,,
WEEK 1,5/1/2026,Henderson,1,BOSS70 PM,BOSS70HS-001,BOSS70HS-A001,1,Planning,,NA,N/A,NA,,NA,,,,,,NEED MTS#,NEED MTS#,NEED MTS#,SAMPLE,NEED PO#,SAMPLE CUSTOMER,NEED LOCATION,,,,,,,Not Booked,NEED CUSTOMER,NEED LOCATION,,,,,,,May-26,NOT SHIPPED,NOT SHIPPED,YES,,,,,,,0.5,,,,
WEEK 1,5/4/2026,Henderson,1,BOSS70 PM,BOSS70HS-001,BOSS70HS-A001,1,Planning,,NA,N/A,NA,,NA,,,,,,NEED MTS#,NEED MTS#,NEED MTS#,SAMPLE,NEED PO#,SAMPLE CUSTOMER,NEED LOCATION,,,,,,,Not Booked,NEED CUSTOMER,NEED LOCATION,,,,,,,May-26,NOT SHIPPED,NOT SHIPPED,YES,,,,,,,0.5,,,,
WEEK 1,5/4/2026,Henderson,1,BOSS70 PM,BOSS70HS-001,BOSS70HS-A001,1,Planning,,NA,N/A,NA,,NA,,,,,,NEED MTS#,NEED MTS#,NEED MTS#,SAMPLE,NEED PO#,SAMPLE CUSTOMER,NEED LOCATION,,,,,,,Not Booked,NEED CUSTOMER,NEED LOCATION,,,,,,,May-26,NOT SHIPPED,NOT SHIPPED,YES,,,,,,,0.5,,,,
WEEK 1,5/5/2026,Henderson,1,BOSS70 PM,BOSS70HS-001,BOSS70HS-A001,1,Planning,,NA,N/A,NA,,NA,,,,,,NEED MTS#,NEED MTS#,NEED MTS#,SAMPLE,NEED PO#,SAMPLE CUSTOMER,NEED LOCATION,,,,,,,Not Booked,NEED CUSTOMER,NEED LOCATION,,,,,,,May-26,NOT SHIPPED,NOT SHIPPED,YES,,,,,,,0.5,,,,
WEEK 1,5/5/2026,Henderson,1,BOSS70 PM,BOSS70HS-001,BOSS70HS-A001,1,Planning,,NA,N/A,NA,,NA,,,,,,NEED MTS#,NEED MTS#,NEED MTS#,SAMPLE,NEED PO#,SAMPLE CUSTOMER,NEED LOCATION,,,,,,,Not Booked,NEED CUSTOMER,NEED LOCATION,,,,,,,May-26,NOT SHIPPED,NOT SHIPPED,YES,,,,,,,0.5,,,,
WEEK 1,5/6/2026,Henderson,1,BOSS70 PM,BOSS70HS-001,BOSS70HS-A001,1,Planning,,NA,N/A,NA,,NA,,,,,,NEED MTS#,NEED MTS#,NEED MTS#,SAMPLE,NEED PO#,SAMPLE CUSTOMER,NEED LOCATION,,,,,,,Not Booked,NEED CUSTOMER,NEED LOCATION,,,,,,,May-26,NOT SHIPPED,NOT SHIPPED,YES,,,,,,,0.5,,,,
WEEK 1,5/6/2026,Henderson,1,BOSS70 PM,BOSS70HS-001,BOSS70HS-A001,1,Planning,,NA,N/A,NA,,NA,,,,,,NEED MTS#,NEED MTS#,NEED MTS#,SAMPLE,NEED PO#,SAMPLE CUSTOMER,NEED LOCATION,,,,,,,Not Booked,NEED CUSTOMER,NEED LOCATION,,,,,,,May-26,NOT SHIPPED,NOT SHIPPED,YES,,,,,,,0.5,,,,
WEEK 1,5/7/2026,Henderson,1,BOSS70 PM,BOSS70HS-001,BOSS70HS-A001,1,Planning,,NA,N/A,NA,,NA,,,,,,NEED MTS#,NEED MTS#,NEED MTS#,SAMPLE,NEED PO#,SAMPLE CUSTOMER,NEED LOCATION,,,,,,,Not Booked,NEED CUSTOMER,NEED LOCATION,,,,,,,May-26,NOT SHIPPED,NOT SHIPPED,YES,,,,,,,0.5,,,,
WEEK 1,5/7/2026,Henderson,1,BOSS70 PM,BOSS70HS-001,BOSS70HS-A001,1,Planning,,NA,N/A,NA,,NA,,,,,,NEED MTS#,NEED MTS#,NEED MTS#,SAMPLE,NEED PO#,SAMPLE CUSTOMER,NEED LOCATION,,,,,,,Not Booked,NEED CUSTOMER,NEED LOCATION,,,,,,,May-26,NOT SHIPPED,NOT SHIPPED,YES,,,,,,,0.5,,,,
WEEK 1,5/8/2026,Henderson,1,BOSS70 PM,BOSS70HS-001,BOSS70HS-A001,1,Planning,,NA,N/A,NA,,NA,,,,,,NEED MTS#,NEED MTS#,NEED MTS#,SAMPLE,NEED PO#,SAMPLE CUSTOMER,NEED LOCATION,,,,,,,Not Booked,NEED CUSTOMER,NEED LOCATION,,,,,,,May-26,NOT SHIPPED,NOT SHIPPED,YES,,,,,,,0.5,,,,
WEEK 1,5/8/2026,Henderson,1,BOSS70 PM,BOSS70HS-001,BOSS70HS-A001,1,Planning,,NA,N/A,NA,,NA,,,,,,NEED MTS#,NEED MTS#,NEED MTS#,SAMPLE,NEED PO#,SAMPLE CUSTOMER,NEED LOCATION,,,,,,,Not Booked,NEED CUSTOMER,NEED LOCATION,,,,,,,May-26,NOT SHIPPED,NOT SHIPPED,YES,,,,,,,0.5,,,,
WEEK 1,5/8/2026,Henderson,1,BOSS70 PM,BOSS70HS-001,BOSS70HS-A001,1,Planning,,NA,N/A,NA,,NA,,,,,,NEED MTS#,NEED MTS#,NEED MTS#,SAMPLE,NEED PO#,SAMPLE CUSTOMER,NEED LOCATION,,,,,,,Not Booked,NEED CUSTOMER,NEED LOCATION,,,,,,,May-26,NOT SHIPPED,NOT SHIPPED,YES,,,,,,,0.5,,,,
,,Henderson,1,BOSS70 PM,BOSS70HS-001,BOSS70HS-A001,1,In Queue,,,N/A,NA,,NA,,,,,,NEED MTS#,NEED MTS#,NEED MTS#,SAMPLE,NEED PO#,SAMPLE CUSTOMER,NEED LOCATION,,,,,,,Not Booked,NEED CUSTOMER,NEED LOCATION,,,,,,,May-26,NOT SHIPPED,NOT SHIPPED,YES,,,,,,,0.5,,,,
,,Henderson,1,BOSS70 PM,BOSS70HS-001,BOSS70HS-A001,1,In Queue,,,N/A,NA,,NA,,,,,,NEED MTS#,NEED MTS#,NEED MTS#,SAMPLE,NEED PO#,SAMPLE CUSTOMER,NEED LOCATION,,,,,,,Not Booked,NEED CUSTOMER,NEED LOCATION,,,,,,,May-26,NOT SHIPPED,NOT SHIPPED,YES,,,,,,,0.5,,,,
,,Henderson,1,BOSS70 PM,BOSS70HS-001,BOSS70HS-A001,1,In Queue,,,N/A,NA,,NA,,,,,,NEED MTS#,NEED MTS#,NEED MTS#,NEED SO#,NEED PO#,SAMPLE CUSTOMER,NEED LOCATION,,,,,,,Not Booked,NEED CUSTOMER,NEED LOCATION,,,,,,,May-26,NOT SHIPPED,NOT SHIPPED,YES,,,,,,,0.5,,,,
,,Henderson,1,BOSS70 PM,BOSS70HS-001,BOSS70HS-A001,1,In Queue,,"EH, DECALS",N/A,NA,,NA,,,,,,NEED MTS#,NEED MTS#,NEED MTS#,NEED SO#,NEED PO#,SAMPLE CUSTOMER,NEED LOCATION,,,,,,,Not Booked,NEED CUSTOMER,NEED LOCATION,,,,,,,May-26,NOT SHIPPED,NOT SHIPPED,YES,,,,,,,0.5,,,,
,,Henderson,1,BOSS70 PM,BOSS70HS-001,BOSS70HS-A001,1,In Queue,,"EH, DECALS",N/A,NA,,NA,,,,,,NEED MTS#,NEED MTS#,NEED MTS#,NEED SO#,NEED PO#,SAMPLE CUSTOMER,NEED LOCATION,,,,,,,Not Booked,NEED CUSTOMER,NEED LOCATION,,,,,,,May-26,NOT SHIPPED,NOT SHIPPED,YES,,,,,,,0.5,,,,
,,Henderson,1,BOSS70 PM,BOSS70HS-001,BOSS70HS-A001,1,In Queue,,"EH, DECALS",N/A,NA,,NA,,,,,,NEED MTS#,NEED MTS#,NEED MTS#,NEED SO#,NEED PO#,SAMPLE CUSTOMER,NEED LOCATION,,,,,,,Not Booked,NEED CUSTOMER,NEED LOCATION,,,,,,,May-26,NOT SHIPPED,NOT SHIPPED,YES,,,,,,,0.5,,,,
,,Henderson,1,BOSS70 PM,BOSS70HS-001,BOSS70HS-A001,1,In Queue,,"EH, DECALS",N/A,NA,,NA,,,,,,NEED MTS#,NEED MTS#,NEED MTS#,NEED SO#,NEED PO#,SAMPLE CUSTOMER,NEED LOCATION,,,,,,,Not Booked,NEED CUSTOMER,NEED LOCATION,,,,,,,May-26,NOT SHIPPED,NOT SHIPPED,YES,,,,,,,0.5,,,,
,,Henderson,1,BOSS70 PM,BOSS70HS-001,BOSS70HS-A001,1,In Queue,,"EH, DECALS",N/A,NA,,NA,,,,,,NEED MTS#,NEED MTS#,NEED MTS#,NEED SO#,NEED PO#,SAMPLE CUSTOMER,NEED LOCATION,,,,,,,Not Booked,NEED CUSTOMER,NEED LOCATION,,,,,,,May-26,NOT SHIPPED,NOT SHIPPED,YES,,,,,,,0.5,,,,
,,Henderson,1,BOSS70 PM,BOSS70HS-001,BOSS70HS-A001,1,In Queue,,"EH, DECALS",N/A,NA,,NA,,,,,,NEED MTS#,NEED MTS#,NEED MTS#,NEED SO#,NEED PO#,SAMPLE CUSTOMER,NEED LOCATION,,,,,,,Not Booked,NEED CUSTOMER,NEED LOCATION,,,,,,,May-26,NOT SHIPPED,NOT SHIPPED,YES,,,,,,,0.5,,,,
,,Henderson,1,BOSS70 PM,BOSS70HS-001,BOSS70HS-A001,1,In Queue,,"EH, DECALS",N/A,NA,,NA,,,,,,NEED MTS#,NEED MTS#,NEED MTS#,NEED SO#,NEED PO#,SAMPLE CUSTOMER,NEED LOCATION,,,,,,,Not Booked,NEED CUSTOMER,NEED LOCATION,,,,,,,May-26,NOT SHIPPED,NOT SHIPPED,YES,,,,,,,0.5,,,,
,,Henderson,1,BOSS70 PM,BOSS70HS-001,BOSS70HS-A001,1,In Queue,,"EH, DECALS",N/A,NA,,NA,,,,,,NEED MTS#,NEED MTS#,NEED MTS#,NEED SO#,NEED PO#,SAMPLE CUSTOMER,NEED LOCATION,,,,,,,Not Booked,NEED CUSTOMER,NEED LOCATION,,,,,,,May-26,NOT SHIPPED,NOT SHIPPED,YES,,,,,,,0.5,,,,
,,Henderson,1,BOSS70 PM,BOSS70HS-001,BOSS70HS-A001,1,In Queue,,"EH, DECALS",N/A,NA,,NA,,,,,,NEED MTS#,NEED MTS#,NEED MTS#,NEED SO#,NEED PO#,SAMPLE CUSTOMER,NEED LOCATION,,,,,,,Not Booked,NEED CUSTOMER,NEED LOCATION,,,,,,,May-26,NOT SHIPPED,NOT SHIPPED,YES,,,,,,,0.5,,,,
,,Henderson,1,BOSS70 PM,BOSS70HS-001,BOSS70HS-A001,1,In Queue,,"EH, DECALS",N/A,NA,,NA,,,,,,NEED MTS#,NEED MTS#,NEED MTS#,NEED SO#,NEED PO#,SAMPLE CUSTOMER,NEED LOCATION,,,,,,,Not Booked,NEED CUSTOMER,NEED LOCATION,,,,,,,May-26,NOT SHIPPED,NOT SHIPPED,YES,,,,,,,0.5,,,,
,,Henderson,1,BOSS70 PM,BOSS70HS-001,BOSS70HS-A001,1,In Queue,,"EH, DECALS",N/A,NA,,NA,,,,,,NEED MTS#,NEED MTS#,NEED MTS#,NEED SO#,NEED PO#,SAMPLE CUSTOMER,NEED LOCATION,,,,,,,Not Booked,NEED CUSTOMER,NEED LOCATION,,,,,,,May-26,NOT SHIPPED,NOT SHIPPED,YES,,,,,,,0.5,,,,
,,Henderson,1,BOSS70 PM,BOSS70HS-001,BOSS70HS-A001,1,In Queue,,"EH, DECALS",N/A,NA,,NA,,,,,,NEED MTS#,NEED MTS#,NEED MTS#,NEED SO#,NEED PO#,SAMPLE CUSTOMER,NEED LOCATION,,,,,,,Not Booked,NEED CUSTOMER,NEED LOCATION,,,,,,,May-26,NOT SHIPPED,NOT SHIPPED,YES,,,,,,,0.5,,,,
,,Henderson,1,BOSS70 PM,BOSS70HS-001,BOSS70HS-A001,1,In Queue,,"EH, DECALS",N/A,NA,,NA,,,,,,NEED MTS#,NEED MTS#,NEED MTS#,NEED SO#,NEED PO#,SAMPLE CUSTOMER,NEED LOCATION,,,,,,,Not Booked,NEED CUSTOMER,NEED LOCATION,,,,,,,May-26,NOT SHIPPED,NOT SHIPPED,YES,,,,,,,0.5,,,,
,,Henderson,1,BOSS70 PM,BOSS70HS-001,BOSS70HS-A001,1,In Queue,,"EH, DECALS",N/A,NA,,NA,,,,,,NEED MTS#,NEED MTS#,NEED MTS#,NEED SO#,NEED PO#,SAMPLE CUSTOMER,NEED LOCATION,,,,,,,Not Booked,NEED CUSTOMER,NEED LOCATION,,,,,,,May-26,NOT SHIPPED,NOT SHIPPED,YES,,,,,,,0.5,,,,
,,Henderson,1,BOSS70 PM,BOSS70HS-001,BOSS70HS-A001,1,In Queue,,"EH, DECALS",N/A,NA,,NA,,,,,,NEED MTS#,NEED MTS#,NEED MTS#,NEED SO#,NEED PO#,SAMPLE CUSTOMER,NEED LOCATION,,,,,,,Not Booked,NEED CUSTOMER,NEED LOCATION,,,,,,,May-26,NOT SHIPPED,NOT SHIPPED,YES,,,,,,,0.5,,,,
,,Henderson,1,BOSS70 PM,BOSS70HS-001,BOSS70HS-A001,1,In Queue,,"EH, DECALS",N/A,NA,,NA,,,,,,NEED MTS#,NEED MTS#,NEED MTS#,NEED SO#,NEED PO#,SAMPLE CUSTOMER,NEED LOCATION,,,,,,,Not Booked,NEED CUSTOMER,NEED LOCATION,,,,,,,May-26,NOT SHIPPED,NOT SHIPPED,YES,,,,,,,0.5,,,,
,,Henderson,1,BOSS70 PM,BOSS70HS-001,BOSS70HS-A001,1,In Queue,,"EH, DECALS",N/A,NA,,NA,,,,,,NEED MTS#,NEED MTS#,NEED MTS#,NEED SO#,NEED PO#,SAMPLE CUSTOMER,NEED LOCATION,,,,,,,Not Booked,NEED CUSTOMER,NEED LOCATION,,,,,,,May-26,NOT SHIPPED,NOT SHIPPED,YES,,,,,,,0.5,,,,
,,Henderson,1,BOSS70 PM,BOSS70HS-001,BOSS70HS-A001,1,In Queue,,"EH, DECALS",N/A,NA,,NA,,,,,,NEED MTS#,NEED MTS#,NEED MTS#,NEED SO#,NEED PO#,SAMPLE CUSTOMER,NEED LOCATION,,,,,,,Not Booked,NEED CUSTOMER,NEED LOCATION,,,,,,,May-26,NOT SHIPPED,NOT SHIPPED,YES,,,,,,,0.5,,,,
,,Henderson,1,BOSS70 PM,BOSS70HS-001,BOSS70HS-A001,1,In Queue,,"EH, DECALS",N/A,NA,,NA,,,,,,NEED MTS#,NEED MTS#,NEED MTS#,NEED SO#,NEED PO#,SAMPLE CUSTOMER,NEED LOCATION,,,,,,,Not Booked,NEED CUSTOMER,NEED LOCATION,,,,,,,May-26,NOT SHIPPED,NOT SHIPPED,YES,,,,,,,0.5,,,,
,,Henderson,1,BOSS70 PM,BOSS70HS-001,BOSS70HS-A001,1,In Queue,,"EH, DECALS",N/A,NA,,NA,,,,,,NEED MTS#,NEED MTS#,NEED MTS#,NEED SO#,NEED PO#,SAMPLE CUSTOMER,NEED LOCATION,,,,,,,Not Booked,NEED CUSTOMER,NEED LOCATION,,,,,,,May-26,NOT SHIPPED,NOT SHIPPED,YES,,,,,,,0.5,,,,
,,Henderson,1,BOSS70 PM,BOSS70HS-001,BOSS70HS-A001,1,In Queue,,"EH, DECALS",N/A,NA,,NA,,,,,,NEED MTS#,NEED MTS#,NEED MTS#,NEED SO#,NEED PO#,SAMPLE CUSTOMER,NEED LOCATION,,,,,,,Not Booked,NEED CUSTOMER,NEED LOCATION,,,,,,,May-26,NOT SHIPPED,NOT SHIPPED,YES,,,,,,,0.5,,,,
,,Henderson,1,BOSS70 PM,BOSS70HS-001,BOSS70HS-A001,1,In Queue,,"EH, DECALS",N/A,NA,,NA,,,,,,NEED MTS#,NEED MTS#,NEED MTS#,NEED SO#,NEED PO#,SAMPLE CUSTOMER,NEED LOCATION,,,,,,,Not Booked,NEED CUSTOMER,NEED LOCATION,,,,,,,May-26,NOT SHIPPED,NOT SHIPPED,YES,,,,,,,0.5,,,,
,,Henderson,1,BOSS70 PM,BOSS70HS-001,BOSS70HS-A001,1,In Queue,,"EH, DECALS",N/A,NA,,NA,,,,,,NEED MTS#,NEED MTS#,NEED MTS#,NEED SO#,NEED PO#,SAMPLE CUSTOMER,NEED LOCATION,,,,,,,Not Booked,NEED CUSTOMER,NEED LOCATION,,,,,,,May-26,NOT SHIPPED,NOT SHIPPED,YES,,,,,,,0.5,,,,
,,Henderson,1,BOSS70 PM,BOSS70HS-001,BOSS70HS-A001,1,In Queue,,"EH, DECALS",N/A,NA,,NA,,,,,,NEED MTS#,NEED MTS#,NEED MTS#,NEED SO#,NEED PO#,SAMPLE CUSTOMER,NEED LOCATION,,,,,,,Not Booked,NEED CUSTOMER,NEED LOCATION,,,,,,,May-26,NOT SHIPPED,NOT SHIPPED,YES,,,,,,,0.5,,,,
,,Henderson,1,BOSS70 PM,BOSS70HS-001,BOSS70HS-A001,1,In Queue,,"EH, DECALS",N/A,NA,,NA,,,,,,NEED MTS#,NEED MTS#,NEED MTS#,NEED SO#,NEED PO#,SAMPLE CUSTOMER,NEED LOCATION,,,,,,,Not Booked,NEED CUSTOMER,NEED LOCATION,,,,,,,May-26,NOT SHIPPED,NOT SHIPPED,YES,,,,,,,0.5,,,,
,,Henderson,1,BOSS70 PM,BOSS70HS-001,BOSS70HS-A001,1,In Queue,,"EH, DECALS",N/A,NA,,NA,,,,,,NEED MTS#,NEED MTS#,NEED MTS#,NEED SO#,NEED PO#,SAMPLE CUSTOMER,NEED LOCATION,,,,,,,Not Booked,NEED CUSTOMER,NEED LOCATION,,,,,,,May-26,NOT SHIPPED,NOT SHIPPED,YES,,,,,,,0.5,,,,
,,Henderson,1,BOSS70 PM,BOSS70HS-001,BOSS70HS-A001,1,In Queue,,"EH, DECALS",N/A,NA,,NA,,,,,,NEED MTS#,NEED MTS#,NEED MTS#,NEED SO#,NEED PO#,SAMPLE CUSTOMER,NEED LOCATION,,,,,,,Not Booked,NEED CUSTOMER,NEED LOCATION,,,,,,,May-26,NOT SHIPPED,NOT SHIPPED,YES,,,,,,,0.5,,,,
,,Henderson,1,BOSS70 PM,BOSS70HS-001,BOSS70HS-A001,1,In Queue,,"EH, DECALS",N/A,NA,,NA,,,,,,NEED MTS#,NEED MTS#,NEED MTS#,NEED SO#,NEED PO#,SAMPLE CUSTOMER,NEED LOCATION,,,,,,,Not Booked,NEED CUSTOMER,NEED LOCATION,,,,,,,May-26,NOT SHIPPED,NOT SHIPPED,YES,,,,,,,0.5,,,,
,,Henderson,1,BOSS70 PM,BOSS70HS-001,BOSS70HS-A001,1,In Queue,,"EH, DECALS",N/A,NA,,NA,,,,,,NEED MTS#,NEED MTS#,NEED MTS#,NEED SO#,NEED PO#,SAMPLE CUSTOMER,NEED LOCATION,,,,,,,Not Booked,NEED CUSTOMER,NEED LOCATION,,,,,,,May-26,NOT SHIPPED,NOT SHIPPED,YES,,,,,,,0.5,,,,
,,Henderson,1,BOSS70 PM,BOSS70HS-001,BOSS70HS-A001,1,In Queue,,"EH, DECALS",N/A,NA,,NA,,,,,,NEED MTS#,NEED MTS#,NEED MTS#,NEED SO#,NEED PO#,SAMPLE CUSTOMER,NEED LOCATION,,,,,,,Not Booked,NEED CUSTOMER,NEED LOCATION,,,,,,,May-26,NOT SHIPPED,NOT SHIPPED,YES,,,,,,,0.5,,,,
,,Henderson,1,BOSS70 PM,BOSS70HS-001,BOSS70HS-A001,1,In Queue,,"EH, DECALS",N/A,NA,,NA,,,,,,NEED MTS#,NEED MTS#,NEED MTS#,NEED SO#,NEED PO#,SAMPLE CUSTOMER,NEED LOCATION,,,,,,,Not Booked,NEED CUSTOMER,NEED LOCATION,,,,,,,May-26,NOT SHIPPED,NOT SHIPPED,YES,,,,,,,0.5,,,,
,,Henderson,1,BOSS70 PM,BOSS70HS-001,BOSS70HS-A001,1,In Queue,,"EH, DECALS",N/A,NA,,NA,,,,,,NEED MTS#,NEED MTS#,NEED MTS#,NEED SO#,NEED PO#,SAMPLE CUSTOMER,NEED LOCATION,,,,,,,Not Booked,NEED CUSTOMER,NEED LOCATION,,,,,,,May-26,NOT SHIPPED,NOT SHIPPED,YES,,,,,,,0.5,,,,
,,Henderson,1,BOSS70 PM,BOSS70HS-001,BOSS70HS-A001,1,In Queue,,"EH, DECALS",N/A,NA,,NA,,,,,,NEED MTS#,NEED MTS#,NEED MTS#,NEED SO#,NEED PO#,SAMPLE CUSTOMER,NEED LOCATION,,,,,,,Not Booked,NEED CUSTOMER,NEED LOCATION,,,,,,,May-26,NOT SHIPPED,NOT SHIPPED,YES,,,,,,,0.5,,,,
,,Henderson,1,BOSS70 PM,BOSS70HS-001,BOSS70HS-A001,1,In Queue,,"EH, DECALS",N/A,NA,,NA,,,,,,NEED MTS#,NEED MTS#,NEED MTS#,NEED SO#,NEED PO#,SAMPLE CUSTOMER,NEED LOCATION,,,,,,,Not Booked,NEED CUSTOMER,NEED LOCATION,,,,,,,May-26,NOT SHIPPED,NOT SHIPPED,YES,,,,,,,0.5,,,,
,,Henderson,1,BOSS70 PM,BOSS70HS-001,BOSS70HS-A001,1,In Queue,,"EH, DECALS",N/A,NA,,NA,,,,,,NEED MTS#,NEED MTS#,NEED MTS#,NEED SO#,NEED PO#,SAMPLE CUSTOMER,NEED LOCATION,,,,,,,Not Booked,NEED CUSTOMER,NEED LOCATION,,,,,,,May-26,NOT SHIPPED,NOT SHIPPED,YES,,,,,,,0.5,,,,
,,Henderson,1,BOSS70 PM,BOSS70HS-001,BOSS70HS-A001,1,In Queue,,"EH, DECALS",N/A,NA,,NA,,,,,,NEED MTS#,NEED MTS#,NEED MTS#,NEED SO#,NEED PO#,SAMPLE CUSTOMER,NEED LOCATION,,,,,,,Not Booked,NEED CUSTOMER,NEED LOCATION,,,,,,,May-26,NOT SHIPPED,NOT SHIPPED,YES,,,,,,,0.5,,,,
,,Henderson,1,BOSS70 PM,BOSS70HS-001,BOSS70HS-A001,1,In Queue,,"EH, DECALS",N/A,NA,,NA,,,,,,NEED MTS#,NEED MTS#,NEED MTS#,NEED SO#,NEED PO#,SAMPLE CUSTOMER,NEED LOCATION,,,,,,,Not Booked,NEED CUSTOMER,NEED LOCATION,,,,,,,May-26,NOT SHIPPED,NOT SHIPPED,YES,,,,,,,0.5,,,,
,,Henderson,1,BOSS70 PM,BOSS70HS-001,BOSS70HS-A001,1,In Queue,,"EH, DECALS",N/A,NA,,NA,,,,,,NEED MTS#,NEED MTS#,NEED MTS#,NEED SO#,NEED PO#,SAMPLE CUSTOMER,NEED LOCATION,,,,,,,Not Booked,NEED CUSTOMER,NEED LOCATION,,,,,,,May-26,NOT SHIPPED,NOT SHIPPED,YES,,,,,,,0.5,,,,
,,Henderson,1,BOSS70 PM,BOSS70HS-001,BOSS70HS-A001,1,In Queue,,"EH, DECALS",N/A,NA,,NA,,,,,,NEED MTS#,NEED MTS#,NEED MTS#,NEED SO#,NEED PO#,SAMPLE CUSTOMER,NEED LOCATION,,,,,,,Not Booked,NEED CUSTOMER,NEED LOCATION,,,,,,,May-26,NOT SHIPPED,NOT SHIPPED,YES,,,,,,,0.5,,,,
,,Henderson,1,BOSS70 PM,BOSS70HS-001,BOSS70HS-A001,1,In Queue,,"EH, DECALS",N/A,NA,,NA,,,,,,NEED MTS#,NEED MTS#,NEED MTS#,NEED SO#,NEED PO#,SAMPLE CUSTOMER,NEED LOCATION,,,,,,,Not Booked,NEED CUSTOMER,NEED LOCATION,,,,,,,May-26,NOT SHIPPED,NOT SHIPPED,YES,,,,,,,0.5,,,,
,,Henderson,1,BOSS70 PM,BOSS70HS-001,BOSS70HS-A001,1,In Queue,,"EH, DECALS",N/A,NA,,NA,,,,,,NEED MTS#,NEED MTS#,NEED MTS#,NEED SO#,NEED PO#,SAMPLE CUSTOMER,NEED LOCATION,,,,,,,Not Booked,NEED CUSTOMER,NEED LOCATION,,,,,,,May-26,NOT SHIPPED,NOT SHIPPED,YES,,,,,,,0.5,,,,
,,Henderson,1,BOSS70 PM,BOSS70HS-001,BOSS70HS-A001,1,In Queue,,"EH, DECALS",N/A,NA,,NA,,,,,,NEED MTS#,NEED MTS#,NEED MTS#,NEED SO#,NEED PO#,SAMPLE CUSTOMER,NEED LOCATION,,,,,,,Not Booked,NEED CUSTOMER,NEED LOCATION,,,,,,,May-26,NOT SHIPPED,NOT SHIPPED,YES,,,,,,,0.5,,,,
,,Henderson,1,BOSS70 PM,BOSS70HS-001,BOSS70HS-A001,1,In Queue,,"EH, DECALS",N/A,NA,,NA,,,,,,NEED MTS#,NEED MTS#,NEED MTS#,NEED SO#,NEED PO#,SAMPLE CUSTOMER,NEED LOCATION,,,,,,,Not Booked,NEED CUSTOMER,NEED LOCATION,,,,,,,May-26,NOT SHIPPED,NOT SHIPPED,YES,,,,,,,0.5,,,,
,,Henderson,1,BOSS70 PM,BOSS70HS-001,BOSS70HS-A001,1,In Queue,,"EH, DECALS",N/A,NA,,NA,,,,,,NEED MTS#,NEED MTS#,NEED MTS#,NEED SO#,NEED PO#,SAMPLE CUSTOMER,NEED LOCATION,,,,,,,Not Booked,NEED CUSTOMER,NEED LOCATION,,,,,,,May-26,NOT SHIPPED,NOT SHIPPED,YES,,,,,,,0.5,,,,
,,Henderson,1,BOSS70 PM,BOSS70HS-001,BOSS70HS-A001,1,In Queue,,"EH, DECALS",N/A,NA,,NA,,,,,,NEED MTS#,NEED MTS#,NEED MTS#,NEED SO#,NEED PO#,SAMPLE CUSTOMER,NEED LOCATION,,,,,,,Not Booked,NEED CUSTOMER,NEED LOCATION,,,,,,,May-26,NOT SHIPPED,NOT SHIPPED,YES,,,,,,,0.5,,,,
,,Henderson,1,BOSS70 PM,BOSS70HS-001,BOSS70HS-A001,1,In Queue,,"EH, DECALS",N/A,NA,,NA,,,,,,NEED MTS#,NEED MTS#,NEED MTS#,NEED SO#,NEED PO#,SAMPLE CUSTOMER,NEED LOCATION,,,,,,,Not Booked,NEED CUSTOMER,NEED LOCATION,,,,,,,May-26,NOT SHIPPED,NOT SHIPPED,YES,,,,,,,0.5,,,,
,,Henderson,1,BOSS70 PM,BOSS70HS-001,BOSS70HS-A001,1,In Queue,,"EH, DECALS",N/A,NA,,NA,,,,,,NEED MTS#,NEED MTS#,NEED MTS#,NEED SO#,NEED PO#,SAMPLE CUSTOMER,NEED LOCATION,,,,,,,Not Booked,NEED CUSTOMER,NEED LOCATION,,,,,,,May-26,NOT SHIPPED,NOT SHIPPED,YES,,,,,,,0.5,,,,
BOSS125-125-XQ125,,,,,,,,,,,,,,,,,,,,,,,,,,,,,,,,,,,,,,,,,,,,,,,,,,,,,,,,
,,Henderson,1,BOSS125-125-XQ125 HYBRIDS,BOSS125-004,NA,1,In Queue,,NA,NA,6*32,,XQ125-CAT,,,,,,NEED MTS#,NEED MTS#,NEED MTS#,NEED SO#,NEED PO#,SAMPLE CUSTOMER,NEED LOCATION,,,,,,,Not Booked,NEED CUSTOMER,NEED LOCATION,,,,,,,May-26,NOT SHIPPED,NOT SHIPPED,YES,,,,,,,2,,,,
,,Henderson,1,BOSS125-125-XQ125 HYBRIDS,BOSS125-004,NA,1,In Queue,,NA,NA,6*32,,XQ125-CAT,,,,,,NEED MTS#,NEED MTS#,NEED MTS#,NEED SO#,NEED PO#,SAMPLE CUSTOMER,NEED LOCATION,,,,,,,Not Booked,NEED CUSTOMER,NEED LOCATION,,,,,,,May-26,NOT SHIPPED,NOT SHIPPED,YES,,,,,,,2,,,,
,,Henderson,1,BOSS125-125-XQ125 HYBRIDS,BOSS125-004,NA,1,In Queue,,NA,NA,6*32,,XQ125-CAT,,,,,,NEED MTS#,NEED MTS#,NEED MTS#,NEED SO#,NEED PO#,SAMPLE CUSTOMER,NEED LOCATION,,,,,,,Not Booked,NEED CUSTOMER,NEED LOCATION,,,,,,,May-26,NOT SHIPPED,NOT SHIPPED,YES,,,,,,,2,,,,
,,Henderson,1,BOSS125-125-XQ125 HYBRIDS,BOSS125-004,NA,1,In Queue,,NA,NA,6*32,,XQ125-CAT,,,,,,NEED MTS#,NEED MTS#,NEED MTS#,NEED SO#,NEED PO#,SAMPLE CUSTOMER,NEED LOCATION,,,,,,,Not Booked,NEED CUSTOMER,NEED LOCATION,,,,,,,May-26,NOT SHIPPED,NOT SHIPPED,YES,,,,,,,2,,,,
,,Henderson,1,BOSS125-125-XQ125 HYBRIDS,BOSS125-004,NA,1,In Queue,,NA,NA,6*32,,XQ125-CAT,,,,,,NEED MTS#,NEED MTS#,NEED MTS#,NEED SO#,NEED PO#,SAMPLE CUSTOMER,NEED LOCATION,,,,,,,Not Booked,NEED CUSTOMER,NEED LOCATION,,,,,,,May-26,NOT SHIPPED,NOT SHIPPED,YES,,,,,,,2,,,,
,,Henderson,1,BOSS125-125-XQ125 HYBRIDS,BOSS125-004,NA,1,In Queue,,NA,NA,6*32,,XQ125-CAT,,,,,,NEED MTS#,NEED MTS#,NEED MTS#,NEED SO#,NEED PO#,SAMPLE CUSTOMER,NEED LOCATION,,,,,,,Not Booked,NEED CUSTOMER,NEED LOCATION,,,,,,,May-26,NOT SHIPPED,NOT SHIPPED,YES,,,,,,,2,,,,
,,Henderson,1,BOSS125-125-XQ125 HYBRIDS,BOSS125-004,NA,1,In Queue,,NA,NA,6*32,,XQ125-CAT,,,,,,NEED MTS#,NEED MTS#,NEED MTS#,NEED SO#,NEED PO#,SAMPLE CUSTOMER,NEED LOCATION,,,,,,,Not Booked,NEED CUSTOMER,NEED LOCATION,,,,,,,May-26,NOT SHIPPED,NOT SHIPPED,YES,,,,,,,2,,,,
,,Henderson,1,BOSS125-125-XQ125 HYBRIDS,BOSS125-004,NA,1,In Queue,,NA,NA,6*32,,XQ125-CAT,,,,,,NEED MTS#,NEED MTS#,NEED MTS#,NEED SO#,NEED PO#,SAMPLE CUSTOMER,NEED LOCATION,,,,,,,Not Booked,NEED CUSTOMER,NEED LOCATION,,,,,,,May-26,NOT SHIPPED,NOT SHIPPED,YES,,,,,,,2,,,,
BOSS220 POWER MODULES,,,,,,,,,,,,,,,,,,,,,,,,,,,,,,,,,,,,,,,,,,,,,,,,,,,,,,,,
,,Henderson,1,BOSS220 PM,BOSS220HS-002,BOSS220HS-A001,1,In Queue,,"DECALS, EH ",NA,,,NA,,,,,,NEED MTS#,NEED MTS#,NEED MTS#,NEED SO#,NEED PO#,SAMPLE CUSTOMER,NEED LOCATION,,,,,,,Not Booked,NEED CUSTOMER,NEED LOCATION,,,,,,,May-26,NOT SHIPPED,NOT SHIPPED,YES,,,,,,,4,,,,
WEEK 1,5/1/2026,Henderson,1,BOSS220 PM,BOSS220HS-002,BOSS220HS-A001,1,AO Released,MOVED FROM APRIL,"DECALS, EH ",NA,NA, ,NA, , , , , ,SAMPLE,NA,SAMPLE,SAMPLE,SAMPLE,SAMPLE CUSTOMER,"SAMPLE LOCATION",, , , , completing 4/27 - Location TBA, ,Not Booked,SAMPLE CUSTOMER,"SAMPLE LOCATION", , , , , , ,26-Apr,NEED SN/QA,NEED SN/QA,YES, , , , , ,,4,,,,
WEEK 1,5/1/2026,Henderson,1,BOSS220 PM,BOSS220HS-002,BOSS220HS-A001,1,AO Released,MOVED FROM APRIL,"DECALS, EH ",NA,NA, ,NA, , , , , ,SAMPLE,NA,SAMPLE,SAMPLE,SAMPLE,SAMPLE CUSTOMER,"SAMPLE LOCATION", , , , , completing 4/27 - Location TBA, ,Not Booked,SAMPLE CUSTOMER,"SAMPLE LOCATION", , , , , , ,26-Apr,NEED SN/QA,NEED SN/QA,YES, , , , , ,,4,,,,
WEEK 1,5/4/2026,Henderson,1,BOSS220 PM,BOSS220HS-002,BOSS220HS-A001,1,AO Released,MOVED FROM APRIL,"DECALS, EH ",NA,NA, ,NA, , , , , ,SAMPLE,NA,SAMPLE,SAMPLE,SAMPLE,SAMPLE CUSTOMER,"SAMPLE LOCATION", , , , , completing 4/27 - Location TBA, ,Not Booked,SAMPLE CUSTOMER,"SAMPLE LOCATION", , , , , , ,26-Apr,NEED SN/QA,NEED SN/QA,YES, , , , , ,,4,,,,
WEEK 1,5/5/2026,Henderson,1,BOSS220 PM,BOSS220HS-002,BOSS220HS-A001,1,AO Released,MOVED FROM APRIL,"DECALS, EH ",NA,NA,,NA, , , , , ,SAMPLE,NA,SAMPLE,NEED SO#,SAMPLE,SAMPLE CUSTOMER,NEED LOCATION, , , , , completing 4/27 - Location TBA, ,Not Booked,SAMPLE CUSTOMER,"SAMPLE LOCATION", , , , , , ,26-Apr,NEED SN/QA,NEED SN/QA,YES, , , , , ,,4,,,,
WEEK 1,5/6/2026,Henderson,1,BOSS220 PM,BOSS220HS-002,BOSS220HS-A001,1,AO Released,MOVED FROM APRIL,"DECALS, EH ",NA,NA, ,NA, , , , , ,SAMPLE,NA,SAMPLE,NEED SO#,SAMPLE,SAMPLE CUSTOMER,NEED LOCATION, , , , , completing 4/27 - Location TBA, ,Not Booked,SAMPLE CUSTOMER,"SAMPLE LOCATION", , , , , , ,26-Apr,NEED SN/QA,NEED SN/QA,YES, , , , , ,,4,,,,
WEEK 1,5/7/2026,Henderson,1,BOSS220 PM,BOSS220HS-002,BOSS220HS-A001,1,AO Released,MOVED FROM APRIL,"DECALS, EH ",NA,NA, ,NA, , , , , ,SAMPLE,NA,SAMPLE,NEED SO#,SAMPLE,SAMPLE CUSTOMER,NEED LOCATION, , , , , completing 4/27 - Location TBA, ,Not Booked,SAMPLE CUSTOMER,"SAMPLE LOCATION", , , , , , ,26-Apr,NEED SN/QA,NEED SN/QA,NO, , , , , ,,4,,,,
WEEK 1,5/8/2026,Henderson,1,BOSS220 PM,BOSS220HS-002,BOSS220HS-A001,1,AO Released,MOVED FROM APRIL,"DECALS, EH ",NA,NA, ,NA, , , , , ,SAMPLE,NA,SAMPLE,NEED SO#,NEED PO#,SAMPLE CUSTOMER,NEED LOCATION, , , , , , ,Not Booked,SAMPLE CUSTOMER,NEED LOCATION, , , , , , ,26-Apr,NEED SN/QA,NEED SN/QA,NO, , , , , ,,4,,,,
WEEK 1,5/8/2026,Henderson,1,BOSS220 PM,BOSS220HS-002,BOSS220HS-A001,1,AO Released,MOVED FROM APRIL,"DECALS, EH ", NA,NA, ,NA, , , , , ,SAMPLE,NA,SAMPLE,NEED SO#,NEED PO#,SAMPLE CUSTOMER,NEED LOCATION, , , , , , ,Not Booked,SAMPLE CUSTOMER,NEED LOCATION, , , , , , ,26-Apr,NEED SN/QA,NEED SN/QA,NO, , , , , ,,4,,,,
,,Henderson,1,BOSS220 PM,BOSS220HS-002,BOSS220HS-A001,1,AO Released,MOVED FROM APRIL,"DECALS, EH ", NA, , ,NA, , , , , ,SAMPLE,NA,SAMPLE,NEED SO#,NEED PO#,SAMPLE CUSTOMER,NEED LOCATION, , , , , , ,Not Booked,SAMPLE CUSTOMER,NEED LOCATION, , , , , , ,26-Apr,NEED SN/QA,NEED SN/QA,NO, , , , , ,,4,,,,
BOSS400,,,,,,,,,,,,,,,,,,,,,,,,,,,,,,,,,,,,,,,,,,,,,,,,,,,,,,,,
,,Henderson,1,BOSS400 PM,BOSS400HS-002,BOSS400HS-A002,1,In Queue,,NA,NA,,,NA,,,,,,NEED MTS#,NEED MTS#,NEED MTS#,NEED SO#,NEED PO#,SAMPLE CUSTOMER,NEED LOCATION,,,,,,,Not Booked,NEED CUSTOMER,NEED LOCATION,,,,,,,May-26,NOT SHIPPED,NOT SHIPPED,YES,,,,,,,5,,,,
,,Henderson,1,BOSS400 PM,BOSS400HS-002,BOSS400HS-A002,1,In Queue,,NA,NA,,,NA,,,,,,NEED MTS#,NEED MTS#,NEED MTS#,NEED SO#,NEED PO#,SAMPLE CUSTOMER,NEED LOCATION,,,,,,,Not Booked,NEED CUSTOMER,NEED LOCATION,,,,,,,May-26,NOT SHIPPED,NOT SHIPPED,YES,,,,,,,5,,,,
,,Henderson,1,BOSS400 PM,BOSS400HS-002,BOSS400HS-A002,1,In Queue,,NA,NA,,,NA,,,,,,NEED MTS#,NEED MTS#,NEED MTS#,NEED SO#,NEED PO#,SAMPLE CUSTOMER,NEED LOCATION,,,,,,,Not Booked,NEED CUSTOMER,NEED LOCATION,,,,,,,May-26,NOT SHIPPED,NOT SHIPPED,YES,,,,,,,5,,,,
,,Henderson,1,BOSS400 PM,BOSS400HS-002,BOSS400HS-A002,1,In Queue,,NA,NA,,,NA,,,,,,NEED MTS#,NEED MTS#,NEED MTS#,NEED SO#,NEED PO#,SAMPLE CUSTOMER,NEED LOCATION,,,,,,,Not Booked,NEED CUSTOMER,NEED LOCATION,,,,,,,May-26,NOT SHIPPED,NOT SHIPPED,YES,,,,,,,5,,,,
,,Henderson,1,BOSS400 PM,BOSS400HS-002,BOSS400HS-A002,1,In Queue,,NA,NA,,,NA,,,,,,NEED MTS#,NEED MTS#,NEED MTS#,NEED SO#,NEED PO#,SAMPLE CUSTOMER,NEED LOCATION,,,,,,,Not Booked,NEED CUSTOMER,NEED LOCATION,,,,,,,May-26,NOT SHIPPED,NOT SHIPPED,YES,,,,,,,5,,,,
,,Henderson,1,BOSS400 PM,BOSS400HS-002,BOSS400HS-A002,1,In Queue,,NA,NA,,,NA,,,,,,NEED MTS#,NEED MTS#,NEED MTS#,NEED SO#,NEED PO#,SAMPLE CUSTOMER,NEED LOCATION,,,,,,,Not Booked,NEED CUSTOMER,NEED LOCATION,,,,,,,May-26,NOT SHIPPED,NOT SHIPPED,YES,,,,,,,5,,,,
,,Henderson,1,BOSS400 PM,BOSS400HS-002,BOSS400HS-A002,1,In Queue,,NA,NA,,,NA,,,,,,NEED MTS#,NEED MTS#,NEED MTS#,NEED SO#,NEED PO#,SAMPLE CUSTOMER,NEED LOCATION,,,,,,,Not Booked,NEED CUSTOMER,NEED LOCATION,,,,,,,May-26,NOT SHIPPED,NOT SHIPPED,YES,,,,,,,5,,,,
,,Henderson,1,BOSS400 PM,BOSS400HS-002,BOSS400HS-A002,1,In Queue,,NA,NA,,,NA,,,,,,NEED MTS#,NEED MTS#,NEED MTS#,NEED SO#,NEED PO#,SAMPLE CUSTOMER,NEED LOCATION,,,,,,,Not Booked,NEED CUSTOMER,NEED LOCATION,,,,,,,May-26,NOT SHIPPED,NOT SHIPPED,YES,,,,,,,5,,,,
,,Henderson,1,BOSS400 PM,BOSS400HS-002,BOSS400HS-A002,1,In Queue,,NA, NA,,,NA,,,,,,NEED MTS#,NEED MTS#,NEED MTS#,NEED SO#,NEED PO#,SAMPLE CUSTOMER,NEED LOCATION,,,,,,,Not Booked,NEED CUSTOMER,NEED LOCATION,,,,,,,May-26,NOT SHIPPED,NOT SHIPPED,YES,,,,,,,5,,,,
,,Henderson,1,BOSS400 PM,BOSS400HS-002,BOSS400HS-A002,1,In Queue,,NA, NA,,,NA,,,,,,NEED MTS#,NEED MTS#,NEED MTS#,NEED SO#,NEED PO#,SAMPLE CUSTOMER,NEED LOCATION,,,,,,,Not Booked,NEED CUSTOMER,NEED LOCATION,,,,,,,May-26,NOT SHIPPED,NOT SHIPPED,YES,,,,,,,5,,,,
STOCK,,,,,,,,,,,,,,,,,,,,,,,,,,,,,,,,,,,,,,,,,,,,,,,,,,,,,,,,
